"0","# Replace the extreme values in `YEARS_EMPLOYED` with NA"
"0","application_test$YEARS_EMPLOYED <- ifelse(application_test$YEARS_EMPLOYED == 1001, NA, application_test$YEARS_EMPLOYED)"
"0",""
"0",""
"0","# Impute missing values"
"0","imputed_data <- mice(application_test[, c(""AGE"", ""YEARS_EMPLOYED"", ""NAME_INCOME_TYPE"", ""OCCUPATION_TYPE"", ""AMT_INCOME_TOTAL"")], "
"0","                     m = 5, "
"0","                     method = 'pmm', "
"0","                     maxit = 50, "
"0","                     seed = 500)"
"1","
 iter imp variable"
"1","
 "
"1"," "
"1","1"
"1"," "
"1"," "
"1"," "
"1","1"
"1"," "
"1"," "
"1","YEARS_EMPLOYED"
"1","
 "
"1"," "
"1","1"
"1"," "
"1"," "
"1"," "
"1","2"
"1"," "
"1"," "
"1","YEARS_EMPLOYED"
"1","
 "
"1"," "
"1","1"
"1"," "
"1"," "
"1"," "
"1","3"
"1"," "
"1"," "
"1","YEARS_EMPLOYED"
"1","
 "
"1"," "
"1","1"
"1"," "
"1"," "
"1"," "
"1","4"
"1"," "
"1"," "
"1","YEARS_EMPLOYED"
"1","
 "
"1"," "
"1","1"
"1"," "
"1"," "
"1"," "
"1","5"
"1"," "
"1"," "
"1","YEARS_EMPLOYED"
"1","
 "
"1"," "
"1","2"
"1"," "
"1"," "
"1"," "
"1","1"
"1"," "
"1"," "
"1","YEARS_EMPLOYED"
"1","
 "
"1"," "
"1","2"
"1"," "
"1"," "
"1"," "
"1","2"
"1"," "
"1"," "
"1","YEARS_EMPLOYED"
"1","
 "
"1"," "
"1","2"
"1"," "
"1"," "
"1"," "
"1","3"
"1"," "
"1"," "
"1","YEARS_EMPLOYED"
"1","
 "
"1"," "
"1","2"
"1"," "
"1"," "
"1"," "
"1","4"
"1"," "
"1"," "
"1","YEARS_EMPLOYED"
"1","
 "
"1"," "
"1","2"
"1"," "
"1"," "
"1"," "
"1","5"
"1"," "
"1"," "
"1","YEARS_EMPLOYED"
"1","
 "
"1"," "
"1","3"
"1"," "
"1"," "
"1"," "
"1","1"
"1"," "
"1"," "
"1","YEARS_EMPLOYED"
"1","
 "
"1"," "
"1","3"
"1"," "
"1"," "
"1"," "
"1","2"
"1"," "
"1"," "
"1","YEARS_EMPLOYED"
"1","
 "
"1"," "
"1","3"
"1"," "
"1"," "
"1"," "
"1","3"
"1"," "
"1"," "
"1","YEARS_EMPLOYED"
"1","
 "
"1"," "
"1","3"
"1"," "
"1"," "
"1"," "
"1","4"
"1"," "
"1"," "
"1","YEARS_EMPLOYED"
"1","
 "
"1"," "
"1","3"
"1"," "
"1"," "
"1"," "
"1","5"
"1"," "
"1"," "
"1","YEARS_EMPLOYED"
"1","
 "
"1"," "
"1","4"
"1"," "
"1"," "
"1"," "
"1","1"
"1"," "
"1"," "
"1","YEARS_EMPLOYED"
"1","
 "
"1"," "
"1","4"
"1"," "
"1"," "
"1"," "
"1","2"
"1"," "
"1"," "
"1","YEARS_EMPLOYED"
"1","
 "
"1"," "
"1","4"
"1"," "
"1"," "
"1"," "
"1","3"
"1"," "
"1"," "
"1","YEARS_EMPLOYED"
"1","
 "
"1"," "
"1","4"
"1"," "
"1"," "
"1"," "
"1","4"
"1"," "
"1"," "
"1","YEARS_EMPLOYED"
"1","
 "
"1"," "
"1","4"
"1"," "
"1"," "
"1"," "
"1","5"
"1"," "
"1"," "
"1","YEARS_EMPLOYED"
"1","
 "
"1"," "
"1","5"
"1"," "
"1"," "
"1"," "
"1","1"
"1"," "
"1"," "
"1","YEARS_EMPLOYED"
"1","
 "
"1"," "
"1","5"
"1"," "
"1"," "
"1"," "
"1","2"
"1"," "
"1"," "
"1","YEARS_EMPLOYED"
"1","
 "
"1"," "
"1","5"
"1"," "
"1"," "
"1"," "
"1","3"
"1"," "
"1"," "
"1","YEARS_EMPLOYED"
"1","
 "
"1"," "
"1","5"
"1"," "
"1"," "
"1"," "
"1","4"
"1"," "
"1"," "
"1","YEARS_EMPLOYED"
"1","
 "
"1"," "
"1","5"
"1"," "
"1"," "
"1"," "
"1","5"
"1"," "
"1"," "
"1","YEARS_EMPLOYED"
"1","
 "
"1"," "
"1","6"
"1"," "
"1"," "
"1"," "
"1","1"
"1"," "
"1"," "
"1","YEARS_EMPLOYED"
"1","
 "
"1"," "
"1","6"
"1"," "
"1"," "
"1"," "
"1","2"
"1"," "
"1"," "
"1","YEARS_EMPLOYED"
"1","
 "
"1"," "
"1","6"
"1"," "
"1"," "
"1"," "
"1","3"
"1"," "
"1"," "
"1","YEARS_EMPLOYED"
"1","
 "
"1"," "
"1","6"
"1"," "
"1"," "
"1"," "
"1","4"
"1"," "
"1"," "
"1","YEARS_EMPLOYED"
"1","
 "
"1"," "
"1","6"
"1"," "
"1"," "
"1"," "
"1","5"
"1"," "
"1"," "
"1","YEARS_EMPLOYED"
"1","
 "
"1"," "
"1","7"
"1"," "
"1"," "
"1"," "
"1","1"
"1"," "
"1"," "
"1","YEARS_EMPLOYED"
"1","
 "
"1"," "
"1","7"
"1"," "
"1"," "
"1"," "
"1","2"
"1"," "
"1"," "
"1","YEARS_EMPLOYED"
"1","
 "
"1"," "
"1","7"
"1"," "
"1"," "
"1"," "
"1","3"
"1"," "
"1"," "
"1","YEARS_EMPLOYED"
"1","
 "
"1"," "
"1","7"
"1"," "
"1"," "
"1"," "
"1","4"
"1"," "
"1"," "
"1","YEARS_EMPLOYED"
"1","
 "
"1"," "
"1","7"
"1"," "
"1"," "
"1"," "
"1","5"
"1"," "
"1"," "
"1","YEARS_EMPLOYED"
"1","
 "
"1"," "
"1","8"
"1"," "
"1"," "
"1"," "
"1","1"
"1"," "
"1"," "
"1","YEARS_EMPLOYED"
"1","
 "
"1"," "
"1","8"
"1"," "
"1"," "
"1"," "
"1","2"
"1"," "
"1"," "
"1","YEARS_EMPLOYED"
"1","
 "
"1"," "
"1","8"
"1"," "
"1"," "
"1"," "
"1","3"
"1"," "
"1"," "
"1","YEARS_EMPLOYED"
"1","
 "
"1"," "
"1","8"
"1"," "
"1"," "
"1"," "
"1","4"
"1"," "
"1"," "
"1","YEARS_EMPLOYED"
"1","
 "
"1"," "
"1","8"
"1"," "
"1"," "
"1"," "
"1","5"
"1"," "
"1"," "
"1","YEARS_EMPLOYED"
"1","
 "
"1"," "
"1","9"
"1"," "
"1"," "
"1"," "
"1","1"
"1"," "
"1"," "
"1","YEARS_EMPLOYED"
"1","
 "
"1"," "
"1","9"
"1"," "
"1"," "
"1"," "
"1","2"
"1"," "
"1"," "
"1","YEARS_EMPLOYED"
"1","
 "
"1"," "
"1","9"
"1"," "
"1"," "
"1"," "
"1","3"
"1"," "
"1"," "
"1","YEARS_EMPLOYED"
"1","
 "
"1"," "
"1","9"
"1"," "
"1"," "
"1"," "
"1","4"
"1"," "
"1"," "
"1","YEARS_EMPLOYED"
"1","
 "
"1"," "
"1","9"
"1"," "
"1"," "
"1"," "
"1","5"
"1"," "
"1"," "
"1","YEARS_EMPLOYED"
"1","
 "
"1"," "
"1","10"
"1"," "
"1"," "
"1"," "
"1","1"
"1"," "
"1"," "
"1","YEARS_EMPLOYED"
"1","
 "
"1"," "
"1","10"
"1"," "
"1"," "
"1"," "
"1","2"
"1"," "
"1"," "
"1","YEARS_EMPLOYED"
"1","
 "
"1"," "
"1","10"
"1"," "
"1"," "
"1"," "
"1","3"
"1"," "
"1"," "
"1","YEARS_EMPLOYED"
"1","
 "
"1"," "
"1","10"
"1"," "
"1"," "
"1"," "
"1","4"
"1"," "
"1"," "
"1","YEARS_EMPLOYED"
"1","
 "
"1"," "
"1","10"
"1"," "
"1"," "
"1"," "
"1","5"
"1"," "
"1"," "
"1","YEARS_EMPLOYED"
"1","
 "
"1"," "
"1","11"
"1"," "
"1"," "
"1"," "
"1","1"
"1"," "
"1"," "
"1","YEARS_EMPLOYED"
"1","
 "
"1"," "
"1","11"
"1"," "
"1"," "
"1"," "
"1","2"
"1"," "
"1"," "
"1","YEARS_EMPLOYED"
"1","
 "
"1"," "
"1","11"
"1"," "
"1"," "
"1"," "
"1","3"
"1"," "
"1"," "
"1","YEARS_EMPLOYED"
"1","
 "
"1"," "
"1","11"
"1"," "
"1"," "
"1"," "
"1","4"
"1"," "
"1"," "
"1","YEARS_EMPLOYED"
"1","
 "
"1"," "
"1","11"
"1"," "
"1"," "
"1"," "
"1","5"
"1"," "
"1"," "
"1","YEARS_EMPLOYED"
"1","
 "
"1"," "
"1","12"
"1"," "
"1"," "
"1"," "
"1","1"
"1"," "
"1"," "
"1","YEARS_EMPLOYED"
"1","
 "
"1"," "
"1","12"
"1"," "
"1"," "
"1"," "
"1","2"
"1"," "
"1"," "
"1","YEARS_EMPLOYED"
"1","
 "
"1"," "
"1","12"
"1"," "
"1"," "
"1"," "
"1","3"
"1"," "
"1"," "
"1","YEARS_EMPLOYED"
"1","
 "
"1"," "
"1","12"
"1"," "
"1"," "
"1"," "
"1","4"
"1"," "
"1"," "
"1","YEARS_EMPLOYED"
"1","
 "
"1"," "
"1","12"
"1"," "
"1"," "
"1"," "
"1","5"
"1"," "
"1"," "
"1","YEARS_EMPLOYED"
"1","
 "
"1"," "
"1","13"
"1"," "
"1"," "
"1"," "
"1","1"
"1"," "
"1"," "
"1","YEARS_EMPLOYED"
"1","
 "
"1"," "
"1","13"
"1"," "
"1"," "
"1"," "
"1","2"
"1"," "
"1"," "
"1","YEARS_EMPLOYED"
"1","
 "
"1"," "
"1","13"
"1"," "
"1"," "
"1"," "
"1","3"
"1"," "
"1"," "
"1","YEARS_EMPLOYED"
"1","
 "
"1"," "
"1","13"
"1"," "
"1"," "
"1"," "
"1","4"
"1"," "
"1"," "
"1","YEARS_EMPLOYED"
"1","
 "
"1"," "
"1","13"
"1"," "
"1"," "
"1"," "
"1","5"
"1"," "
"1"," "
"1","YEARS_EMPLOYED"
"1","
 "
"1"," "
"1","14"
"1"," "
"1"," "
"1"," "
"1","1"
"1"," "
"1"," "
"1","YEARS_EMPLOYED"
"1","
 "
"1"," "
"1","14"
"1"," "
"1"," "
"1"," "
"1","2"
"1"," "
"1"," "
"1","YEARS_EMPLOYED"
"1","
 "
"1"," "
"1","14"
"1"," "
"1"," "
"1"," "
"1","3"
"1"," "
"1"," "
"1","YEARS_EMPLOYED"
"1","
 "
"1"," "
"1","14"
"1"," "
"1"," "
"1"," "
"1","4"
"1"," "
"1"," "
"1","YEARS_EMPLOYED"
"1","
 "
"1"," "
"1","14"
"1"," "
"1"," "
"1"," "
"1","5"
"1"," "
"1"," "
"1","YEARS_EMPLOYED"
"1","
 "
"1"," "
"1","15"
"1"," "
"1"," "
"1"," "
"1","1"
"1"," "
"1"," "
"1","YEARS_EMPLOYED"
"1","
 "
"1"," "
"1","15"
"1"," "
"1"," "
"1"," "
"1","2"
"1"," "
"1"," "
"1","YEARS_EMPLOYED"
"1","
 "
"1"," "
"1","15"
"1"," "
"1"," "
"1"," "
"1","3"
"1"," "
"1"," "
"1","YEARS_EMPLOYED"
"1","
 "
"1"," "
"1","15"
"1"," "
"1"," "
"1"," "
"1","4"
"1"," "
"1"," "
"1","YEARS_EMPLOYED"
"1","
 "
"1"," "
"1","15"
"1"," "
"1"," "
"1"," "
"1","5"
"1"," "
"1"," "
"1","YEARS_EMPLOYED"
"1","
 "
"1"," "
"1","16"
"1"," "
"1"," "
"1"," "
"1","1"
"1"," "
"1"," "
"1","YEARS_EMPLOYED"
"1","
 "
"1"," "
"1","16"
"1"," "
"1"," "
"1"," "
"1","2"
"1"," "
"1"," "
"1","YEARS_EMPLOYED"
"1","
 "
"1"," "
"1","16"
"1"," "
"1"," "
"1"," "
"1","3"
"1"," "
"1"," "
"1","YEARS_EMPLOYED"
"1","
 "
"1"," "
"1","16"
"1"," "
"1"," "
"1"," "
"1","4"
"1"," "
"1"," "
"1","YEARS_EMPLOYED"
"1","
 "
"1"," "
"1","16"
"1"," "
"1"," "
"1"," "
"1","5"
"1"," "
"1"," "
"1","YEARS_EMPLOYED"
"1","
 "
"1"," "
"1","17"
"1"," "
"1"," "
"1"," "
"1","1"
"1"," "
"1"," "
"1","YEARS_EMPLOYED"
"1","
 "
"1"," "
"1","17"
"1"," "
"1"," "
"1"," "
"1","2"
"1"," "
"1"," "
"1","YEARS_EMPLOYED"
"1","
 "
"1"," "
"1","17"
"1"," "
"1"," "
"1"," "
"1","3"
"1"," "
"1"," "
"1","YEARS_EMPLOYED"
"1","
 "
"1"," "
"1","17"
"1"," "
"1"," "
"1"," "
"1","4"
"1"," "
"1"," "
"1","YEARS_EMPLOYED"
"1","
 "
"1"," "
"1","17"
"1"," "
"1"," "
"1"," "
"1","5"
"1"," "
"1"," "
"1","YEARS_EMPLOYED"
"1","
 "
"1"," "
"1","18"
"1"," "
"1"," "
"1"," "
"1","1"
"1"," "
"1"," "
"1","YEARS_EMPLOYED"
"1","
 "
"1"," "
"1","18"
"1"," "
"1"," "
"1"," "
"1","2"
"1"," "
"1"," "
"1","YEARS_EMPLOYED"
"1","
 "
"1"," "
"1","18"
"1"," "
"1"," "
"1"," "
"1","3"
"1"," "
"1"," "
"1","YEARS_EMPLOYED"
"1","
 "
"1"," "
"1","18"
"1"," "
"1"," "
"1"," "
"1","4"
"1"," "
"1"," "
"1","YEARS_EMPLOYED"
"1","
 "
"1"," "
"1","18"
"1"," "
"1"," "
"1"," "
"1","5"
"1"," "
"1"," "
"1","YEARS_EMPLOYED"
"1","
 "
"1"," "
"1","19"
"1"," "
"1"," "
"1"," "
"1","1"
"1"," "
"1"," "
"1","YEARS_EMPLOYED"
"1","
 "
"1"," "
"1","19"
"1"," "
"1"," "
"1"," "
"1","2"
"1"," "
"1"," "
"1","YEARS_EMPLOYED"
"1","
 "
"1"," "
"1","19"
"1"," "
"1"," "
"1"," "
"1","3"
"1"," "
"1"," "
"1","YEARS_EMPLOYED"
"1","
 "
"1"," "
"1","19"
"1"," "
"1"," "
"1"," "
"1","4"
"1"," "
"1"," "
"1","YEARS_EMPLOYED"
"1","
 "
"1"," "
"1","19"
"1"," "
"1"," "
"1"," "
"1","5"
"1"," "
"1"," "
"1","YEARS_EMPLOYED"
"1","
 "
"1"," "
"1","20"
"1"," "
"1"," "
"1"," "
"1","1"
"1"," "
"1"," "
"1","YEARS_EMPLOYED"
"1","
 "
"1"," "
"1","20"
"1"," "
"1"," "
"1"," "
"1","2"
"1"," "
"1"," "
"1","YEARS_EMPLOYED"
"1","
 "
"1"," "
"1","20"
"1"," "
"1"," "
"1"," "
"1","3"
"1"," "
"1"," "
"1","YEARS_EMPLOYED"
"1","
 "
"1"," "
"1","20"
"1"," "
"1"," "
"1"," "
"1","4"
"1"," "
"1"," "
"1","YEARS_EMPLOYED"
"1","
 "
"1"," "
"1","20"
"1"," "
"1"," "
"1"," "
"1","5"
"1"," "
"1"," "
"1","YEARS_EMPLOYED"
"1","
 "
"1"," "
"1","21"
"1"," "
"1"," "
"1"," "
"1","1"
"1"," "
"1"," "
"1","YEARS_EMPLOYED"
"1","
 "
"1"," "
"1","21"
"1"," "
"1"," "
"1"," "
"1","2"
"1"," "
"1"," "
"1","YEARS_EMPLOYED"
"1","
 "
"1"," "
"1","21"
"1"," "
"1"," "
"1"," "
"1","3"
"1"," "
"1"," "
"1","YEARS_EMPLOYED"
"1","
 "
"1"," "
"1","21"
"1"," "
"1"," "
"1"," "
"1","4"
"1"," "
"1"," "
"1","YEARS_EMPLOYED"
"1","
 "
"1"," "
"1","21"
"1"," "
"1"," "
"1"," "
"1","5"
"1"," "
"1"," "
"1","YEARS_EMPLOYED"
"1","
 "
"1"," "
"1","22"
"1"," "
"1"," "
"1"," "
"1","1"
"1"," "
"1"," "
"1","YEARS_EMPLOYED"
"1","
 "
"1"," "
"1","22"
"1"," "
"1"," "
"1"," "
"1","2"
"1"," "
"1"," "
"1","YEARS_EMPLOYED"
"1","
 "
"1"," "
"1","22"
"1"," "
"1"," "
"1"," "
"1","3"
"1"," "
"1"," "
"1","YEARS_EMPLOYED"
"1","
 "
"1"," "
"1","22"
"1"," "
"1"," "
"1"," "
"1","4"
"1"," "
"1"," "
"1","YEARS_EMPLOYED"
"1","
 "
"1"," "
"1","22"
"1"," "
"1"," "
"1"," "
"1","5"
"1"," "
"1"," "
"1","YEARS_EMPLOYED"
"1","
 "
"1"," "
"1","23"
"1"," "
"1"," "
"1"," "
"1","1"
"1"," "
"1"," "
"1","YEARS_EMPLOYED"
"1","
 "
"1"," "
"1","23"
"1"," "
"1"," "
"1"," "
"1","2"
"1"," "
"1"," "
"1","YEARS_EMPLOYED"
"1","
 "
"1"," "
"1","23"
"1"," "
"1"," "
"1"," "
"1","3"
"1"," "
"1"," "
"1","YEARS_EMPLOYED"
"1","
 "
"1"," "
"1","23"
"1"," "
"1"," "
"1"," "
"1","4"
"1"," "
"1"," "
"1","YEARS_EMPLOYED"
"1","
 "
"1"," "
"1","23"
"1"," "
"1"," "
"1"," "
"1","5"
"1"," "
"1"," "
"1","YEARS_EMPLOYED"
"1","
 "
"1"," "
"1","24"
"1"," "
"1"," "
"1"," "
"1","1"
"1"," "
"1"," "
"1","YEARS_EMPLOYED"
"1","
 "
"1"," "
"1","24"
"1"," "
"1"," "
"1"," "
"1","2"
"1"," "
"1"," "
"1","YEARS_EMPLOYED"
"1","
 "
"1"," "
"1","24"
"1"," "
"1"," "
"1"," "
"1","3"
"1"," "
"1"," "
"1","YEARS_EMPLOYED"
"1","
 "
"1"," "
"1","24"
"1"," "
"1"," "
"1"," "
"1","4"
"1"," "
"1"," "
"1","YEARS_EMPLOYED"
"1","
 "
"1"," "
"1","24"
"1"," "
"1"," "
"1"," "
"1","5"
"1"," "
"1"," "
"1","YEARS_EMPLOYED"
"1","
 "
"1"," "
"1","25"
"1"," "
"1"," "
"1"," "
"1","1"
"1"," "
"1"," "
"1","YEARS_EMPLOYED"
"1","
 "
"1"," "
"1","25"
"1"," "
"1"," "
"1"," "
"1","2"
"1"," "
"1"," "
"1","YEARS_EMPLOYED"
"1","
 "
"1"," "
"1","25"
"1"," "
"1"," "
"1"," "
"1","3"
"1"," "
"1"," "
"1","YEARS_EMPLOYED"
"1","
 "
"1"," "
"1","25"
"1"," "
"1"," "
"1"," "
"1","4"
"1"," "
"1"," "
"1","YEARS_EMPLOYED"
"1","
 "
"1"," "
"1","25"
"1"," "
"1"," "
"1"," "
"1","5"
"1"," "
"1"," "
"1","YEARS_EMPLOYED"
"1","
 "
"1"," "
"1","26"
"1"," "
"1"," "
"1"," "
"1","1"
"1"," "
"1"," "
"1","YEARS_EMPLOYED"
"1","
 "
"1"," "
"1","26"
"1"," "
"1"," "
"1"," "
"1","2"
"1"," "
"1"," "
"1","YEARS_EMPLOYED"
"1","
 "
"1"," "
"1","26"
"1"," "
"1"," "
"1"," "
"1","3"
"1"," "
"1"," "
"1","YEARS_EMPLOYED"
"1","
 "
"1"," "
"1","26"
"1"," "
"1"," "
"1"," "
"1","4"
"1"," "
"1"," "
"1","YEARS_EMPLOYED"
"1","
 "
"1"," "
"1","26"
"1"," "
"1"," "
"1"," "
"1","5"
"1"," "
"1"," "
"1","YEARS_EMPLOYED"
"1","
 "
"1"," "
"1","27"
"1"," "
"1"," "
"1"," "
"1","1"
"1"," "
"1"," "
"1","YEARS_EMPLOYED"
"1","
 "
"1"," "
"1","27"
"1"," "
"1"," "
"1"," "
"1","2"
"1"," "
"1"," "
"1","YEARS_EMPLOYED"
"1","
 "
"1"," "
"1","27"
"1"," "
"1"," "
"1"," "
"1","3"
"1"," "
"1"," "
"1","YEARS_EMPLOYED"
"1","
 "
"1"," "
"1","27"
"1"," "
"1"," "
"1"," "
"1","4"
"1"," "
"1"," "
"1","YEARS_EMPLOYED"
"1","
 "
"1"," "
"1","27"
"1"," "
"1"," "
"1"," "
"1","5"
"1"," "
"1"," "
"1","YEARS_EMPLOYED"
"1","
 "
"1"," "
"1","28"
"1"," "
"1"," "
"1"," "
"1","1"
"1"," "
"1"," "
"1","YEARS_EMPLOYED"
"1","
 "
"1"," "
"1","28"
"1"," "
"1"," "
"1"," "
"1","2"
"1"," "
"1"," "
"1","YEARS_EMPLOYED"
"1","
 "
"1"," "
"1","28"
"1"," "
"1"," "
"1"," "
"1","3"
"1"," "
"1"," "
"1","YEARS_EMPLOYED"
"1","
 "
"1"," "
"1","28"
"1"," "
"1"," "
"1"," "
"1","4"
"1"," "
"1"," "
"1","YEARS_EMPLOYED"
"1","
 "
"1"," "
"1","28"
"1"," "
"1"," "
"1"," "
"1","5"
"1"," "
"1"," "
"1","YEARS_EMPLOYED"
"1","
 "
"1"," "
"1","29"
"1"," "
"1"," "
"1"," "
"1","1"
"1"," "
"1"," "
"1","YEARS_EMPLOYED"
"1","
 "
"1"," "
"1","29"
"1"," "
"1"," "
"1"," "
"1","2"
"1"," "
"1"," "
"1","YEARS_EMPLOYED"
"1","
 "
"1"," "
"1","29"
"1"," "
"1"," "
"1"," "
"1","3"
"1"," "
"1"," "
"1","YEARS_EMPLOYED"
"1","
 "
"1"," "
"1","29"
"1"," "
"1"," "
"1"," "
"1","4"
"1"," "
"1"," "
"1","YEARS_EMPLOYED"
"1","
 "
"1"," "
"1","29"
"1"," "
"1"," "
"1"," "
"1","5"
"1"," "
"1"," "
"1","YEARS_EMPLOYED"
"1","
 "
"1"," "
"1","30"
"1"," "
"1"," "
"1"," "
"1","1"
"1"," "
"1"," "
"1","YEARS_EMPLOYED"
"1","
 "
"1"," "
"1","30"
"1"," "
"1"," "
"1"," "
"1","2"
"1"," "
"1"," "
"1","YEARS_EMPLOYED"
"1","
 "
"1"," "
"1","30"
"1"," "
"1"," "
"1"," "
"1","3"
"1"," "
"1"," "
"1","YEARS_EMPLOYED"
"1","
 "
"1"," "
"1","30"
"1"," "
"1"," "
"1"," "
"1","4"
"1"," "
"1"," "
"1","YEARS_EMPLOYED"
"1","
 "
"1"," "
"1","30"
"1"," "
"1"," "
"1"," "
"1","5"
"1"," "
"1"," "
"1","YEARS_EMPLOYED"
"1","
 "
"1"," "
"1","31"
"1"," "
"1"," "
"1"," "
"1","1"
"1"," "
"1"," "
"1","YEARS_EMPLOYED"
"1","
 "
"1"," "
"1","31"
"1"," "
"1"," "
"1"," "
"1","2"
"1"," "
"1"," "
"1","YEARS_EMPLOYED"
"1","
 "
"1"," "
"1","31"
"1"," "
"1"," "
"1"," "
"1","3"
"1"," "
"1"," "
"1","YEARS_EMPLOYED"
"1","
 "
"1"," "
"1","31"
"1"," "
"1"," "
"1"," "
"1","4"
"1"," "
"1"," "
"1","YEARS_EMPLOYED"
"1","
 "
"1"," "
"1","31"
"1"," "
"1"," "
"1"," "
"1","5"
"1"," "
"1"," "
"1","YEARS_EMPLOYED"
"1","
 "
"1"," "
"1","32"
"1"," "
"1"," "
"1"," "
"1","1"
"1"," "
"1"," "
"1","YEARS_EMPLOYED"
"1","
 "
"1"," "
"1","32"
"1"," "
"1"," "
"1"," "
"1","2"
"1"," "
"1"," "
"1","YEARS_EMPLOYED"
"1","
 "
"1"," "
"1","32"
"1"," "
"1"," "
"1"," "
"1","3"
"1"," "
"1"," "
"1","YEARS_EMPLOYED"
"1","
 "
"1"," "
"1","32"
"1"," "
"1"," "
"1"," "
"1","4"
"1"," "
"1"," "
"1","YEARS_EMPLOYED"
"1","
 "
"1"," "
"1","32"
"1"," "
"1"," "
"1"," "
"1","5"
"1"," "
"1"," "
"1","YEARS_EMPLOYED"
"1","
 "
"1"," "
"1","33"
"1"," "
"1"," "
"1"," "
"1","1"
"1"," "
"1"," "
"1","YEARS_EMPLOYED"
"1","
 "
"1"," "
"1","33"
"1"," "
"1"," "
"1"," "
"1","2"
"1"," "
"1"," "
"1","YEARS_EMPLOYED"
"1","
 "
"1"," "
"1","33"
"1"," "
"1"," "
"1"," "
"1","3"
"1"," "
"1"," "
"1","YEARS_EMPLOYED"
"1","
 "
"1"," "
"1","33"
"1"," "
"1"," "
"1"," "
"1","4"
"1"," "
"1"," "
"1","YEARS_EMPLOYED"
"1","
 "
"1"," "
"1","33"
"1"," "
"1"," "
"1"," "
"1","5"
"1"," "
"1"," "
"1","YEARS_EMPLOYED"
"1","
 "
"1"," "
"1","34"
"1"," "
"1"," "
"1"," "
"1","1"
"1"," "
"1"," "
"1","YEARS_EMPLOYED"
"1","
 "
"1"," "
"1","34"
"1"," "
"1"," "
"1"," "
"1","2"
"1"," "
"1"," "
"1","YEARS_EMPLOYED"
"1","
 "
"1"," "
"1","34"
"1"," "
"1"," "
"1"," "
"1","3"
"1"," "
"1"," "
"1","YEARS_EMPLOYED"
"1","
 "
"1"," "
"1","34"
"1"," "
"1"," "
"1"," "
"1","4"
"1"," "
"1"," "
"1","YEARS_EMPLOYED"
"1","
 "
"1"," "
"1","34"
"1"," "
"1"," "
"1"," "
"1","5"
"1"," "
"1"," "
"1","YEARS_EMPLOYED"
"1","
 "
"1"," "
"1","35"
"1"," "
"1"," "
"1"," "
"1","1"
"1"," "
"1"," "
"1","YEARS_EMPLOYED"
"1","
 "
"1"," "
"1","35"
"1"," "
"1"," "
"1"," "
"1","2"
"1"," "
"1"," "
"1","YEARS_EMPLOYED"
"1","
 "
"1"," "
"1","35"
"1"," "
"1"," "
"1"," "
"1","3"
"1"," "
"1"," "
"1","YEARS_EMPLOYED"
"1","
 "
"1"," "
"1","35"
"1"," "
"1"," "
"1"," "
"1","4"
"1"," "
"1"," "
"1","YEARS_EMPLOYED"
"1","
 "
"1"," "
"1","35"
"1"," "
"1"," "
"1"," "
"1","5"
"1"," "
"1"," "
"1","YEARS_EMPLOYED"
"1","
 "
"1"," "
"1","36"
"1"," "
"1"," "
"1"," "
"1","1"
"1"," "
"1"," "
"1","YEARS_EMPLOYED"
"1","
 "
"1"," "
"1","36"
"1"," "
"1"," "
"1"," "
"1","2"
"1"," "
"1"," "
"1","YEARS_EMPLOYED"
"1","
 "
"1"," "
"1","36"
"1"," "
"1"," "
"1"," "
"1","3"
"1"," "
"1"," "
"1","YEARS_EMPLOYED"
"1","
 "
"1"," "
"1","36"
"1"," "
"1"," "
"1"," "
"1","4"
"1"," "
"1"," "
"1","YEARS_EMPLOYED"
"1","
 "
"1"," "
"1","36"
"1"," "
"1"," "
"1"," "
"1","5"
"1"," "
"1"," "
"1","YEARS_EMPLOYED"
"1","
 "
"1"," "
"1","37"
"1"," "
"1"," "
"1"," "
"1","1"
"1"," "
"1"," "
"1","YEARS_EMPLOYED"
"1","
 "
"1"," "
"1","37"
"1"," "
"1"," "
"1"," "
"1","2"
"1"," "
"1"," "
"1","YEARS_EMPLOYED"
"1","
 "
"1"," "
"1","37"
"1"," "
"1"," "
"1"," "
"1","3"
"1"," "
"1"," "
"1","YEARS_EMPLOYED"
"1","
 "
"1"," "
"1","37"
"1"," "
"1"," "
"1"," "
"1","4"
"1"," "
"1"," "
"1","YEARS_EMPLOYED"
"1","
 "
"1"," "
"1","37"
"1"," "
"1"," "
"1"," "
"1","5"
"1"," "
"1"," "
"1","YEARS_EMPLOYED"
"1","
 "
"1"," "
"1","38"
"1"," "
"1"," "
"1"," "
"1","1"
"1"," "
"1"," "
"1","YEARS_EMPLOYED"
"1","
 "
"1"," "
"1","38"
"1"," "
"1"," "
"1"," "
"1","2"
"1"," "
"1"," "
"1","YEARS_EMPLOYED"
"1","
 "
"1"," "
"1","38"
"1"," "
"1"," "
"1"," "
"1","3"
"1"," "
"1"," "
"1","YEARS_EMPLOYED"
"1","
 "
"1"," "
"1","38"
"1"," "
"1"," "
"1"," "
"1","4"
"1"," "
"1"," "
"1","YEARS_EMPLOYED"
"1","
 "
"1"," "
"1","38"
"1"," "
"1"," "
"1"," "
"1","5"
"1"," "
"1"," "
"1","YEARS_EMPLOYED"
"1","
 "
"1"," "
"1","39"
"1"," "
"1"," "
"1"," "
"1","1"
"1"," "
"1"," "
"1","YEARS_EMPLOYED"
"1","
 "
"1"," "
"1","39"
"1"," "
"1"," "
"1"," "
"1","2"
"1"," "
"1"," "
"1","YEARS_EMPLOYED"
"1","
 "
"1"," "
"1","39"
"1"," "
"1"," "
"1"," "
"1","3"
"1"," "
"1"," "
"1","YEARS_EMPLOYED"
"1","
 "
"1"," "
"1","39"
"1"," "
"1"," "
"1"," "
"1","4"
"1"," "
"1"," "
"1","YEARS_EMPLOYED"
"1","
 "
"1"," "
"1","39"
"1"," "
"1"," "
"1"," "
"1","5"
"1"," "
"1"," "
"1","YEARS_EMPLOYED"
"1","
 "
"1"," "
"1","40"
"1"," "
"1"," "
"1"," "
"1","1"
"1"," "
"1"," "
"1","YEARS_EMPLOYED"
"1","
 "
"1"," "
"1","40"
"1"," "
"1"," "
"1"," "
"1","2"
"1"," "
"1"," "
"1","YEARS_EMPLOYED"
"1","
 "
"1"," "
"1","40"
"1"," "
"1"," "
"1"," "
"1","3"
"1"," "
"1"," "
"1","YEARS_EMPLOYED"
"1","
 "
"1"," "
"1","40"
"1"," "
"1"," "
"1"," "
"1","4"
"1"," "
"1"," "
"1","YEARS_EMPLOYED"
"1","
 "
"1"," "
"1","40"
"1"," "
"1"," "
"1"," "
"1","5"
"1"," "
"1"," "
"1","YEARS_EMPLOYED"
"1","
 "
"1"," "
"1","41"
"1"," "
"1"," "
"1"," "
"1","1"
"1"," "
"1"," "
"1","YEARS_EMPLOYED"
"1","
 "
"1"," "
"1","41"
"1"," "
"1"," "
"1"," "
"1","2"
"1"," "
"1"," "
"1","YEARS_EMPLOYED"
"1","
 "
"1"," "
"1","41"
"1"," "
"1"," "
"1"," "
"1","3"
"1"," "
"1"," "
"1","YEARS_EMPLOYED"
"1","
 "
"1"," "
"1","41"
"1"," "
"1"," "
"1"," "
"1","4"
"1"," "
"1"," "
"1","YEARS_EMPLOYED"
"1","
 "
"1"," "
"1","41"
"1"," "
"1"," "
"1"," "
"1","5"
"1"," "
"1"," "
"1","YEARS_EMPLOYED"
"1","
 "
"1"," "
"1","42"
"1"," "
"1"," "
"1"," "
"1","1"
"1"," "
"1"," "
"1","YEARS_EMPLOYED"
"1","
 "
"1"," "
"1","42"
"1"," "
"1"," "
"1"," "
"1","2"
"1"," "
"1"," "
"1","YEARS_EMPLOYED"
"1","
 "
"1"," "
"1","42"
"1"," "
"1"," "
"1"," "
"1","3"
"1"," "
"1"," "
"1","YEARS_EMPLOYED"
"1","
 "
"1"," "
"1","42"
"1"," "
"1"," "
"1"," "
"1","4"
"1"," "
"1"," "
"1","YEARS_EMPLOYED"
"1","
 "
"1"," "
"1","42"
"1"," "
"1"," "
"1"," "
"1","5"
"1"," "
"1"," "
"1","YEARS_EMPLOYED"
"1","
 "
"1"," "
"1","43"
"1"," "
"1"," "
"1"," "
"1","1"
"1"," "
"1"," "
"1","YEARS_EMPLOYED"
"1","
 "
"1"," "
"1","43"
"1"," "
"1"," "
"1"," "
"1","2"
"1"," "
"1"," "
"1","YEARS_EMPLOYED"
"1","
 "
"1"," "
"1","43"
"1"," "
"1"," "
"1"," "
"1","3"
"1"," "
"1"," "
"1","YEARS_EMPLOYED"
"1","
 "
"1"," "
"1","43"
"1"," "
"1"," "
"1"," "
"1","4"
"1"," "
"1"," "
"1","YEARS_EMPLOYED"
"1","
 "
"1"," "
"1","43"
"1"," "
"1"," "
"1"," "
"1","5"
"1"," "
"1"," "
"1","YEARS_EMPLOYED"
"1","
 "
"1"," "
"1","44"
"1"," "
"1"," "
"1"," "
"1","1"
"1"," "
"1"," "
"1","YEARS_EMPLOYED"
"1","
 "
"1"," "
"1","44"
"1"," "
"1"," "
"1"," "
"1","2"
"1"," "
"1"," "
"1","YEARS_EMPLOYED"
"1","
 "
"1"," "
"1","44"
"1"," "
"1"," "
"1"," "
"1","3"
"1"," "
"1"," "
"1","YEARS_EMPLOYED"
"1","
 "
"1"," "
"1","44"
"1"," "
"1"," "
"1"," "
"1","4"
"1"," "
"1"," "
"1","YEARS_EMPLOYED"
"1","
 "
"1"," "
"1","44"
"1"," "
"1"," "
"1"," "
"1","5"
"1"," "
"1"," "
"1","YEARS_EMPLOYED"
"1","
 "
"1"," "
"1","45"
"1"," "
"1"," "
"1"," "
"1","1"
"1"," "
"1"," "
"1","YEARS_EMPLOYED"
"1","
 "
"1"," "
"1","45"
"1"," "
"1"," "
"1"," "
"1","2"
"1"," "
"1"," "
"1","YEARS_EMPLOYED"
"1","
 "
"1"," "
"1","45"
"1"," "
"1"," "
"1"," "
"1","3"
"1"," "
"1"," "
"1","YEARS_EMPLOYED"
"1","
 "
"1"," "
"1","45"
"1"," "
"1"," "
"1"," "
"1","4"
"1"," "
"1"," "
"1","YEARS_EMPLOYED"
"1","
 "
"1"," "
"1","45"
"1"," "
"1"," "
"1"," "
"1","5"
"1"," "
"1"," "
"1","YEARS_EMPLOYED"
"1","
 "
"1"," "
"1","46"
"1"," "
"1"," "
"1"," "
"1","1"
"1"," "
"1"," "
"1","YEARS_EMPLOYED"
"1","
 "
"1"," "
"1","46"
"1"," "
"1"," "
"1"," "
"1","2"
"1"," "
"1"," "
"1","YEARS_EMPLOYED"
"1","
 "
"1"," "
"1","46"
"1"," "
"1"," "
"1"," "
"1","3"
"1"," "
"1"," "
"1","YEARS_EMPLOYED"
"1","
 "
"1"," "
"1","46"
"1"," "
"1"," "
"1"," "
"1","4"
"1"," "
"1"," "
"1","YEARS_EMPLOYED"
"1","
 "
"1"," "
"1","46"
"1"," "
"1"," "
"1"," "
"1","5"
"1"," "
"1"," "
"1","YEARS_EMPLOYED"
"1","
 "
"1"," "
"1","47"
"1"," "
"1"," "
"1"," "
"1","1"
"1"," "
"1"," "
"1","YEARS_EMPLOYED"
"1","
 "
"1"," "
"1","47"
"1"," "
"1"," "
"1"," "
"1","2"
"1"," "
"1"," "
"1","YEARS_EMPLOYED"
"1","
 "
"1"," "
"1","47"
"1"," "
"1"," "
"1"," "
"1","3"
"1"," "
"1"," "
"1","YEARS_EMPLOYED"
"1","
 "
"1"," "
"1","47"
"1"," "
"1"," "
"1"," "
"1","4"
"1"," "
"1"," "
"1","YEARS_EMPLOYED"
"1","
 "
"1"," "
"1","47"
"1"," "
"1"," "
"1"," "
"1","5"
"1"," "
"1"," "
"1","YEARS_EMPLOYED"
"1","
 "
"1"," "
"1","48"
"1"," "
"1"," "
"1"," "
"1","1"
"1"," "
"1"," "
"1","YEARS_EMPLOYED"
"1","
 "
"1"," "
"1","48"
"1"," "
"1"," "
"1"," "
"1","2"
"1"," "
"1"," "
"1","YEARS_EMPLOYED"
"1","
 "
"1"," "
"1","48"
"1"," "
"1"," "
"1"," "
"1","3"
"1"," "
"1"," "
"1","YEARS_EMPLOYED"
"1","
 "
"1"," "
"1","48"
"1"," "
"1"," "
"1"," "
"1","4"
"1"," "
"1"," "
"1","YEARS_EMPLOYED"
"1","
 "
"1"," "
"1","48"
"1"," "
"1"," "
"1"," "
"1","5"
"1"," "
"1"," "
"1","YEARS_EMPLOYED"
"1","
 "
"1"," "
"1","49"
"1"," "
"1"," "
"1"," "
"1","1"
"1"," "
"1"," "
"1","YEARS_EMPLOYED"
"1","
 "
"1"," "
"1","49"
"1"," "
"1"," "
"1"," "
"1","2"
"1"," "
"1"," "
"1","YEARS_EMPLOYED"
"1","
 "
"1"," "
"1","49"
"1"," "
"1"," "
"1"," "
"1","3"
"1"," "
"1"," "
"1","YEARS_EMPLOYED"
"1","
 "
"1"," "
"1","49"
"1"," "
"1"," "
"1"," "
"1","4"
"1"," "
"1"," "
"1","YEARS_EMPLOYED"
"1","
 "
"1"," "
"1","49"
"1"," "
"1"," "
"1"," "
"1","5"
"1"," "
"1"," "
"1","YEARS_EMPLOYED"
"1","
 "
"1"," "
"1","50"
"1"," "
"1"," "
"1"," "
"1","1"
"1"," "
"1"," "
"1","YEARS_EMPLOYED"
"1","
 "
"1"," "
"1","50"
"1"," "
"1"," "
"1"," "
"1","2"
"1"," "
"1"," "
"1","YEARS_EMPLOYED"
"1","
 "
"1"," "
"1","50"
"1"," "
"1"," "
"1"," "
"1","3"
"1"," "
"1"," "
"1","YEARS_EMPLOYED"
"1","
 "
"1"," "
"1","50"
"1"," "
"1"," "
"1"," "
"1","4"
"1"," "
"1"," "
"1","YEARS_EMPLOYED"
"1","
 "
"1"," "
"1","50"
"1"," "
"1"," "
"1"," "
"1","5"
"1"," "
"1"," "
"1","YEARS_EMPLOYED"
"1","
"
"2","Warning:"
"2"," Number of logged events: 2
"
"0","# Complete the dataset with imputed values"
"0","completed_data <- complete(imputed_data, 1)"
"0",""
"0","# Assign the imputed values back to the original dataset"
"0","application_test$YEARS_EMPLOYED <- completed_data$YEARS_EMPLOYED"
"0",""
"0","# List of columns with missing values"
"0","missing_cols <- c(""AMT_ANNUITY"",""MEAN_EXT_SOURCE"", ""OBS_CNT_SOCIAL_CIRCLE"", ""DEF_CNT_SOCIAL_CIRCLE"")"
"0",""
"0",""
"0","# Extract columns to impute along with relevant predictors"
"0","impute_data <- application_test[, c(missing_cols, ""AGE"", ""YEARS_EMPLOYED"", "
"0","                                     ""NAME_INCOME_TYPE"", ""OCCUPATION_TYPE"", ""AMT_INCOME_TOTAL"")]"
"0",""
"0","# Perform multiple imputation"
"0","imputed_data <- mice(impute_data, m = 5, method = 'pmm', maxit = 50, seed = 500)"
"1","
 iter imp variable"
"1","
 "
"1"," "
"1","1"
"1"," "
"1"," "
"1"," "
"1","1"
"1"," "
"1"," "
"1","AMT_ANNUITY"
"1"," "
"1"," "
"1","MEAN_EXT_SOURCE"
"1"," "
"1"," "
"1","OBS_CNT_SOCIAL_CIRCLE"
"1"," "
"1"," "
"1","DEF_CNT_SOCIAL_CIRCLE"
"1","
 "
"1"," "
"1","1"
"1"," "
"1"," "
"1"," "
"1","2"
"1"," "
"1"," "
"1","AMT_ANNUITY"
"1"," "
"1"," "
"1","MEAN_EXT_SOURCE"
"1"," "
"1"," "
"1","OBS_CNT_SOCIAL_CIRCLE"
"1"," "
"1"," "
"1","DEF_CNT_SOCIAL_CIRCLE"
"1","
 "
"1"," "
"1","1"
"1"," "
"1"," "
"1"," "
"1","3"
"1"," "
"1"," "
"1","AMT_ANNUITY"
"1"," "
"1"," "
"1","MEAN_EXT_SOURCE"
"1"," "
"1"," "
"1","OBS_CNT_SOCIAL_CIRCLE"
"1"," "
"1"," "
"1","DEF_CNT_SOCIAL_CIRCLE"
"1","
 "
"1"," "
"1","1"
"1"," "
"1"," "
"1"," "
"1","4"
"1"," "
"1"," "
"1","AMT_ANNUITY"
"1"," "
"1"," "
"1","MEAN_EXT_SOURCE"
"1"," "
"1"," "
"1","OBS_CNT_SOCIAL_CIRCLE"
"1"," "
"1"," "
"1","DEF_CNT_SOCIAL_CIRCLE"
"1","
 "
"1"," "
"1","1"
"1"," "
"1"," "
"1"," "
"1","5"
"1"," "
"1"," "
"1","AMT_ANNUITY"
"1"," "
"1"," "
"1","MEAN_EXT_SOURCE"
"1"," "
"1"," "
"1","OBS_CNT_SOCIAL_CIRCLE"
"1"," "
"1"," "
"1","DEF_CNT_SOCIAL_CIRCLE"
"1","
 "
"1"," "
"1","2"
"1"," "
"1"," "
"1"," "
"1","1"
"1"," "
"1"," "
"1","AMT_ANNUITY"
"1"," "
"1"," "
"1","MEAN_EXT_SOURCE"
"1"," "
"1"," "
"1","OBS_CNT_SOCIAL_CIRCLE"
"1"," "
"1"," "
"1","DEF_CNT_SOCIAL_CIRCLE"
"1","
 "
"1"," "
"1","2"
"1"," "
"1"," "
"1"," "
"1","2"
"1"," "
"1"," "
"1","AMT_ANNUITY"
"1"," "
"1"," "
"1","MEAN_EXT_SOURCE"
"1"," "
"1"," "
"1","OBS_CNT_SOCIAL_CIRCLE"
"1"," "
"1"," "
"1","DEF_CNT_SOCIAL_CIRCLE"
"1","
 "
"1"," "
"1","2"
"1"," "
"1"," "
"1"," "
"1","3"
"1"," "
"1"," "
"1","AMT_ANNUITY"
"1"," "
"1"," "
"1","MEAN_EXT_SOURCE"
"1"," "
"1"," "
"1","OBS_CNT_SOCIAL_CIRCLE"
"1"," "
"1"," "
"1","DEF_CNT_SOCIAL_CIRCLE"
"1","
 "
"1"," "
"1","2"
"1"," "
"1"," "
"1"," "
"1","4"
"1"," "
"1"," "
"1","AMT_ANNUITY"
"1"," "
"1"," "
"1","MEAN_EXT_SOURCE"
"1"," "
"1"," "
"1","OBS_CNT_SOCIAL_CIRCLE"
"1"," "
"1"," "
"1","DEF_CNT_SOCIAL_CIRCLE"
"1","
 "
"1"," "
"1","2"
"1"," "
"1"," "
"1"," "
"1","5"
"1"," "
"1"," "
"1","AMT_ANNUITY"
"1"," "
"1"," "
"1","MEAN_EXT_SOURCE"
"1"," "
"1"," "
"1","OBS_CNT_SOCIAL_CIRCLE"
"1"," "
"1"," "
"1","DEF_CNT_SOCIAL_CIRCLE"
"1","
 "
"1"," "
"1","3"
"1"," "
"1"," "
"1"," "
"1","1"
"1"," "
"1"," "
"1","AMT_ANNUITY"
"1"," "
"1"," "
"1","MEAN_EXT_SOURCE"
"1"," "
"1"," "
"1","OBS_CNT_SOCIAL_CIRCLE"
"1"," "
"1"," "
"1","DEF_CNT_SOCIAL_CIRCLE"
"1","
 "
"1"," "
"1","3"
"1"," "
"1"," "
"1"," "
"1","2"
"1"," "
"1"," "
"1","AMT_ANNUITY"
"1"," "
"1"," "
"1","MEAN_EXT_SOURCE"
"1"," "
"1"," "
"1","OBS_CNT_SOCIAL_CIRCLE"
"1"," "
"1"," "
"1","DEF_CNT_SOCIAL_CIRCLE"
"1","
 "
"1"," "
"1","3"
"1"," "
"1"," "
"1"," "
"1","3"
"1"," "
"1"," "
"1","AMT_ANNUITY"
"1"," "
"1"," "
"1","MEAN_EXT_SOURCE"
"1"," "
"1"," "
"1","OBS_CNT_SOCIAL_CIRCLE"
"1"," "
"1"," "
"1","DEF_CNT_SOCIAL_CIRCLE"
"1","
 "
"1"," "
"1","3"
"1"," "
"1"," "
"1"," "
"1","4"
"1"," "
"1"," "
"1","AMT_ANNUITY"
"1"," "
"1"," "
"1","MEAN_EXT_SOURCE"
"1"," "
"1"," "
"1","OBS_CNT_SOCIAL_CIRCLE"
"1"," "
"1"," "
"1","DEF_CNT_SOCIAL_CIRCLE"
"1","
 "
"1"," "
"1","3"
"1"," "
"1"," "
"1"," "
"1","5"
"1"," "
"1"," "
"1","AMT_ANNUITY"
"1"," "
"1"," "
"1","MEAN_EXT_SOURCE"
"1"," "
"1"," "
"1","OBS_CNT_SOCIAL_CIRCLE"
"1"," "
"1"," "
"1","DEF_CNT_SOCIAL_CIRCLE"
"1","
 "
"1"," "
"1","4"
"1"," "
"1"," "
"1"," "
"1","1"
"1"," "
"1"," "
"1","AMT_ANNUITY"
"1"," "
"1"," "
"1","MEAN_EXT_SOURCE"
"1"," "
"1"," "
"1","OBS_CNT_SOCIAL_CIRCLE"
"1"," "
"1"," "
"1","DEF_CNT_SOCIAL_CIRCLE"
"1","
 "
"1"," "
"1","4"
"1"," "
"1"," "
"1"," "
"1","2"
"1"," "
"1"," "
"1","AMT_ANNUITY"
"1"," "
"1"," "
"1","MEAN_EXT_SOURCE"
"1"," "
"1"," "
"1","OBS_CNT_SOCIAL_CIRCLE"
"1"," "
"1"," "
"1","DEF_CNT_SOCIAL_CIRCLE"
"1","
 "
"1"," "
"1","4"
"1"," "
"1"," "
"1"," "
"1","3"
"1"," "
"1"," "
"1","AMT_ANNUITY"
"1"," "
"1"," "
"1","MEAN_EXT_SOURCE"
"1"," "
"1"," "
"1","OBS_CNT_SOCIAL_CIRCLE"
"1"," "
"1"," "
"1","DEF_CNT_SOCIAL_CIRCLE"
"1","
 "
"1"," "
"1","4"
"1"," "
"1"," "
"1"," "
"1","4"
"1"," "
"1"," "
"1","AMT_ANNUITY"
"1"," "
"1"," "
"1","MEAN_EXT_SOURCE"
"1"," "
"1"," "
"1","OBS_CNT_SOCIAL_CIRCLE"
"1"," "
"1"," "
"1","DEF_CNT_SOCIAL_CIRCLE"
"1","
 "
"1"," "
"1","4"
"1"," "
"1"," "
"1"," "
"1","5"
"1"," "
"1"," "
"1","AMT_ANNUITY"
"1"," "
"1"," "
"1","MEAN_EXT_SOURCE"
"1"," "
"1"," "
"1","OBS_CNT_SOCIAL_CIRCLE"
"1"," "
"1"," "
"1","DEF_CNT_SOCIAL_CIRCLE"
"1","
 "
"1"," "
"1","5"
"1"," "
"1"," "
"1"," "
"1","1"
"1"," "
"1"," "
"1","AMT_ANNUITY"
"1"," "
"1"," "
"1","MEAN_EXT_SOURCE"
"1"," "
"1"," "
"1","OBS_CNT_SOCIAL_CIRCLE"
"1"," "
"1"," "
"1","DEF_CNT_SOCIAL_CIRCLE"
"1","
 "
"1"," "
"1","5"
"1"," "
"1"," "
"1"," "
"1","2"
"1"," "
"1"," "
"1","AMT_ANNUITY"
"1"," "
"1"," "
"1","MEAN_EXT_SOURCE"
"1"," "
"1"," "
"1","OBS_CNT_SOCIAL_CIRCLE"
"1"," "
"1"," "
"1","DEF_CNT_SOCIAL_CIRCLE"
"1","
 "
"1"," "
"1","5"
"1"," "
"1"," "
"1"," "
"1","3"
"1"," "
"1"," "
"1","AMT_ANNUITY"
"1"," "
"1"," "
"1","MEAN_EXT_SOURCE"
"1"," "
"1"," "
"1","OBS_CNT_SOCIAL_CIRCLE"
"1"," "
"1"," "
"1","DEF_CNT_SOCIAL_CIRCLE"
"1","
 "
"1"," "
"1","5"
"1"," "
"1"," "
"1"," "
"1","4"
"1"," "
"1"," "
"1","AMT_ANNUITY"
"1"," "
"1"," "
"1","MEAN_EXT_SOURCE"
"1"," "
"1"," "
"1","OBS_CNT_SOCIAL_CIRCLE"
"1"," "
"1"," "
"1","DEF_CNT_SOCIAL_CIRCLE"
"1","
 "
"1"," "
"1","5"
"1"," "
"1"," "
"1"," "
"1","5"
"1"," "
"1"," "
"1","AMT_ANNUITY"
"1"," "
"1"," "
"1","MEAN_EXT_SOURCE"
"1"," "
"1"," "
"1","OBS_CNT_SOCIAL_CIRCLE"
"1"," "
"1"," "
"1","DEF_CNT_SOCIAL_CIRCLE"
"1","
 "
"1"," "
"1","6"
"1"," "
"1"," "
"1"," "
"1","1"
"1"," "
"1"," "
"1","AMT_ANNUITY"
"1"," "
"1"," "
"1","MEAN_EXT_SOURCE"
"1"," "
"1"," "
"1","OBS_CNT_SOCIAL_CIRCLE"
"1"," "
"1"," "
"1","DEF_CNT_SOCIAL_CIRCLE"
"1","
 "
"1"," "
"1","6"
"1"," "
"1"," "
"1"," "
"1","2"
"1"," "
"1"," "
"1","AMT_ANNUITY"
"1"," "
"1"," "
"1","MEAN_EXT_SOURCE"
"1"," "
"1"," "
"1","OBS_CNT_SOCIAL_CIRCLE"
"1"," "
"1"," "
"1","DEF_CNT_SOCIAL_CIRCLE"
"1","
 "
"1"," "
"1","6"
"1"," "
"1"," "
"1"," "
"1","3"
"1"," "
"1"," "
"1","AMT_ANNUITY"
"1"," "
"1"," "
"1","MEAN_EXT_SOURCE"
"1"," "
"1"," "
"1","OBS_CNT_SOCIAL_CIRCLE"
"1"," "
"1"," "
"1","DEF_CNT_SOCIAL_CIRCLE"
"1","
 "
"1"," "
"1","6"
"1"," "
"1"," "
"1"," "
"1","4"
"1"," "
"1"," "
"1","AMT_ANNUITY"
"1"," "
"1"," "
"1","MEAN_EXT_SOURCE"
"1"," "
"1"," "
"1","OBS_CNT_SOCIAL_CIRCLE"
"1"," "
"1"," "
"1","DEF_CNT_SOCIAL_CIRCLE"
"1","
 "
"1"," "
"1","6"
"1"," "
"1"," "
"1"," "
"1","5"
"1"," "
"1"," "
"1","AMT_ANNUITY"
"1"," "
"1"," "
"1","MEAN_EXT_SOURCE"
"1"," "
"1"," "
"1","OBS_CNT_SOCIAL_CIRCLE"
"1"," "
"1"," "
"1","DEF_CNT_SOCIAL_CIRCLE"
"1","
 "
"1"," "
"1","7"
"1"," "
"1"," "
"1"," "
"1","1"
"1"," "
"1"," "
"1","AMT_ANNUITY"
"1"," "
"1"," "
"1","MEAN_EXT_SOURCE"
"1"," "
"1"," "
"1","OBS_CNT_SOCIAL_CIRCLE"
"1"," "
"1"," "
"1","DEF_CNT_SOCIAL_CIRCLE"
"1","
 "
"1"," "
"1","7"
"1"," "
"1"," "
"1"," "
"1","2"
"1"," "
"1"," "
"1","AMT_ANNUITY"
"1"," "
"1"," "
"1","MEAN_EXT_SOURCE"
"1"," "
"1"," "
"1","OBS_CNT_SOCIAL_CIRCLE"
"1"," "
"1"," "
"1","DEF_CNT_SOCIAL_CIRCLE"
"1","
 "
"1"," "
"1","7"
"1"," "
"1"," "
"1"," "
"1","3"
"1"," "
"1"," "
"1","AMT_ANNUITY"
"1"," "
"1"," "
"1","MEAN_EXT_SOURCE"
"1"," "
"1"," "
"1","OBS_CNT_SOCIAL_CIRCLE"
"1"," "
"1"," "
"1","DEF_CNT_SOCIAL_CIRCLE"
"1","
 "
"1"," "
"1","7"
"1"," "
"1"," "
"1"," "
"1","4"
"1"," "
"1"," "
"1","AMT_ANNUITY"
"1"," "
"1"," "
"1","MEAN_EXT_SOURCE"
"1"," "
"1"," "
"1","OBS_CNT_SOCIAL_CIRCLE"
"1"," "
"1"," "
"1","DEF_CNT_SOCIAL_CIRCLE"
"1","
 "
"1"," "
"1","7"
"1"," "
"1"," "
"1"," "
"1","5"
"1"," "
"1"," "
"1","AMT_ANNUITY"
"1"," "
"1"," "
"1","MEAN_EXT_SOURCE"
"1"," "
"1"," "
"1","OBS_CNT_SOCIAL_CIRCLE"
"1"," "
"1"," "
"1","DEF_CNT_SOCIAL_CIRCLE"
"1","
 "
"1"," "
"1","8"
"1"," "
"1"," "
"1"," "
"1","1"
"1"," "
"1"," "
"1","AMT_ANNUITY"
"1"," "
"1"," "
"1","MEAN_EXT_SOURCE"
"1"," "
"1"," "
"1","OBS_CNT_SOCIAL_CIRCLE"
"1"," "
"1"," "
"1","DEF_CNT_SOCIAL_CIRCLE"
"1","
 "
"1"," "
"1","8"
"1"," "
"1"," "
"1"," "
"1","2"
"1"," "
"1"," "
"1","AMT_ANNUITY"
"1"," "
"1"," "
"1","MEAN_EXT_SOURCE"
"1"," "
"1"," "
"1","OBS_CNT_SOCIAL_CIRCLE"
"1"," "
"1"," "
"1","DEF_CNT_SOCIAL_CIRCLE"
"1","
 "
"1"," "
"1","8"
"1"," "
"1"," "
"1"," "
"1","3"
"1"," "
"1"," "
"1","AMT_ANNUITY"
"1"," "
"1"," "
"1","MEAN_EXT_SOURCE"
"1"," "
"1"," "
"1","OBS_CNT_SOCIAL_CIRCLE"
"1"," "
"1"," "
"1","DEF_CNT_SOCIAL_CIRCLE"
"1","
 "
"1"," "
"1","8"
"1"," "
"1"," "
"1"," "
"1","4"
"1"," "
"1"," "
"1","AMT_ANNUITY"
"1"," "
"1"," "
"1","MEAN_EXT_SOURCE"
"1"," "
"1"," "
"1","OBS_CNT_SOCIAL_CIRCLE"
"1"," "
"1"," "
"1","DEF_CNT_SOCIAL_CIRCLE"
"1","
 "
"1"," "
"1","8"
"1"," "
"1"," "
"1"," "
"1","5"
"1"," "
"1"," "
"1","AMT_ANNUITY"
"1"," "
"1"," "
"1","MEAN_EXT_SOURCE"
"1"," "
"1"," "
"1","OBS_CNT_SOCIAL_CIRCLE"
"1"," "
"1"," "
"1","DEF_CNT_SOCIAL_CIRCLE"
"1","
 "
"1"," "
"1","9"
"1"," "
"1"," "
"1"," "
"1","1"
"1"," "
"1"," "
"1","AMT_ANNUITY"
"1"," "
"1"," "
"1","MEAN_EXT_SOURCE"
"1"," "
"1"," "
"1","OBS_CNT_SOCIAL_CIRCLE"
"1"," "
"1"," "
"1","DEF_CNT_SOCIAL_CIRCLE"
"1","
 "
"1"," "
"1","9"
"1"," "
"1"," "
"1"," "
"1","2"
"1"," "
"1"," "
"1","AMT_ANNUITY"
"1"," "
"1"," "
"1","MEAN_EXT_SOURCE"
"1"," "
"1"," "
"1","OBS_CNT_SOCIAL_CIRCLE"
"1"," "
"1"," "
"1","DEF_CNT_SOCIAL_CIRCLE"
"1","
 "
"1"," "
"1","9"
"1"," "
"1"," "
"1"," "
"1","3"
"1"," "
"1"," "
"1","AMT_ANNUITY"
"1"," "
"1"," "
"1","MEAN_EXT_SOURCE"
"1"," "
"1"," "
"1","OBS_CNT_SOCIAL_CIRCLE"
"1"," "
"1"," "
"1","DEF_CNT_SOCIAL_CIRCLE"
"1","
 "
"1"," "
"1","9"
"1"," "
"1"," "
"1"," "
"1","4"
"1"," "
"1"," "
"1","AMT_ANNUITY"
"1"," "
"1"," "
"1","MEAN_EXT_SOURCE"
"1"," "
"1"," "
"1","OBS_CNT_SOCIAL_CIRCLE"
"1"," "
"1"," "
"1","DEF_CNT_SOCIAL_CIRCLE"
"1","
 "
"1"," "
"1","9"
"1"," "
"1"," "
"1"," "
"1","5"
"1"," "
"1"," "
"1","AMT_ANNUITY"
"1"," "
"1"," "
"1","MEAN_EXT_SOURCE"
"1"," "
"1"," "
"1","OBS_CNT_SOCIAL_CIRCLE"
"1"," "
"1"," "
"1","DEF_CNT_SOCIAL_CIRCLE"
"1","
 "
"1"," "
"1","10"
"1"," "
"1"," "
"1"," "
"1","1"
"1"," "
"1"," "
"1","AMT_ANNUITY"
"1"," "
"1"," "
"1","MEAN_EXT_SOURCE"
"1"," "
"1"," "
"1","OBS_CNT_SOCIAL_CIRCLE"
"1"," "
"1"," "
"1","DEF_CNT_SOCIAL_CIRCLE"
"1","
 "
"1"," "
"1","10"
"1"," "
"1"," "
"1"," "
"1","2"
"1"," "
"1"," "
"1","AMT_ANNUITY"
"1"," "
"1"," "
"1","MEAN_EXT_SOURCE"
"1"," "
"1"," "
"1","OBS_CNT_SOCIAL_CIRCLE"
"1"," "
"1"," "
"1","DEF_CNT_SOCIAL_CIRCLE"
"1","
 "
"1"," "
"1","10"
"1"," "
"1"," "
"1"," "
"1","3"
"1"," "
"1"," "
"1","AMT_ANNUITY"
"1"," "
"1"," "
"1","MEAN_EXT_SOURCE"
"1"," "
"1"," "
"1","OBS_CNT_SOCIAL_CIRCLE"
"1"," "
"1"," "
"1","DEF_CNT_SOCIAL_CIRCLE"
"1","
 "
"1"," "
"1","10"
"1"," "
"1"," "
"1"," "
"1","4"
"1"," "
"1"," "
"1","AMT_ANNUITY"
"1"," "
"1"," "
"1","MEAN_EXT_SOURCE"
"1"," "
"1"," "
"1","OBS_CNT_SOCIAL_CIRCLE"
"1"," "
"1"," "
"1","DEF_CNT_SOCIAL_CIRCLE"
"1","
 "
"1"," "
"1","10"
"1"," "
"1"," "
"1"," "
"1","5"
"1"," "
"1"," "
"1","AMT_ANNUITY"
"1"," "
"1"," "
"1","MEAN_EXT_SOURCE"
"1"," "
"1"," "
"1","OBS_CNT_SOCIAL_CIRCLE"
"1"," "
"1"," "
"1","DEF_CNT_SOCIAL_CIRCLE"
"1","
 "
"1"," "
"1","11"
"1"," "
"1"," "
"1"," "
"1","1"
"1"," "
"1"," "
"1","AMT_ANNUITY"
"1"," "
"1"," "
"1","MEAN_EXT_SOURCE"
"1"," "
"1"," "
"1","OBS_CNT_SOCIAL_CIRCLE"
"1"," "
"1"," "
"1","DEF_CNT_SOCIAL_CIRCLE"
"1","
 "
"1"," "
"1","11"
"1"," "
"1"," "
"1"," "
"1","2"
"1"," "
"1"," "
"1","AMT_ANNUITY"
"1"," "
"1"," "
"1","MEAN_EXT_SOURCE"
"1"," "
"1"," "
"1","OBS_CNT_SOCIAL_CIRCLE"
"1"," "
"1"," "
"1","DEF_CNT_SOCIAL_CIRCLE"
"1","
 "
"1"," "
"1","11"
"1"," "
"1"," "
"1"," "
"1","3"
"1"," "
"1"," "
"1","AMT_ANNUITY"
"1"," "
"1"," "
"1","MEAN_EXT_SOURCE"
"1"," "
"1"," "
"1","OBS_CNT_SOCIAL_CIRCLE"
"1"," "
"1"," "
"1","DEF_CNT_SOCIAL_CIRCLE"
"1","
 "
"1"," "
"1","11"
"1"," "
"1"," "
"1"," "
"1","4"
"1"," "
"1"," "
"1","AMT_ANNUITY"
"1"," "
"1"," "
"1","MEAN_EXT_SOURCE"
"1"," "
"1"," "
"1","OBS_CNT_SOCIAL_CIRCLE"
"1"," "
"1"," "
"1","DEF_CNT_SOCIAL_CIRCLE"
"1","
 "
"1"," "
"1","11"
"1"," "
"1"," "
"1"," "
"1","5"
"1"," "
"1"," "
"1","AMT_ANNUITY"
"1"," "
"1"," "
"1","MEAN_EXT_SOURCE"
"1"," "
"1"," "
"1","OBS_CNT_SOCIAL_CIRCLE"
"1"," "
"1"," "
"1","DEF_CNT_SOCIAL_CIRCLE"
"1","
 "
"1"," "
"1","12"
"1"," "
"1"," "
"1"," "
"1","1"
"1"," "
"1"," "
"1","AMT_ANNUITY"
"1"," "
"1"," "
"1","MEAN_EXT_SOURCE"
"1"," "
"1"," "
"1","OBS_CNT_SOCIAL_CIRCLE"
"1"," "
"1"," "
"1","DEF_CNT_SOCIAL_CIRCLE"
"1","
 "
"1"," "
"1","12"
"1"," "
"1"," "
"1"," "
"1","2"
"1"," "
"1"," "
"1","AMT_ANNUITY"
"1"," "
"1"," "
"1","MEAN_EXT_SOURCE"
"1"," "
"1"," "
"1","OBS_CNT_SOCIAL_CIRCLE"
"1"," "
"1"," "
"1","DEF_CNT_SOCIAL_CIRCLE"
"1","
 "
"1"," "
"1","12"
"1"," "
"1"," "
"1"," "
"1","3"
"1"," "
"1"," "
"1","AMT_ANNUITY"
"1"," "
"1"," "
"1","MEAN_EXT_SOURCE"
"1"," "
"1"," "
"1","OBS_CNT_SOCIAL_CIRCLE"
"1"," "
"1"," "
"1","DEF_CNT_SOCIAL_CIRCLE"
"1","
 "
"1"," "
"1","12"
"1"," "
"1"," "
"1"," "
"1","4"
"1"," "
"1"," "
"1","AMT_ANNUITY"
"1"," "
"1"," "
"1","MEAN_EXT_SOURCE"
"1"," "
"1"," "
"1","OBS_CNT_SOCIAL_CIRCLE"
"1"," "
"1"," "
"1","DEF_CNT_SOCIAL_CIRCLE"
"1","
 "
"1"," "
"1","12"
"1"," "
"1"," "
"1"," "
"1","5"
"1"," "
"1"," "
"1","AMT_ANNUITY"
"1"," "
"1"," "
"1","MEAN_EXT_SOURCE"
"1"," "
"1"," "
"1","OBS_CNT_SOCIAL_CIRCLE"
"1"," "
"1"," "
"1","DEF_CNT_SOCIAL_CIRCLE"
"1","
 "
"1"," "
"1","13"
"1"," "
"1"," "
"1"," "
"1","1"
"1"," "
"1"," "
"1","AMT_ANNUITY"
"1"," "
"1"," "
"1","MEAN_EXT_SOURCE"
"1"," "
"1"," "
"1","OBS_CNT_SOCIAL_CIRCLE"
"1"," "
"1"," "
"1","DEF_CNT_SOCIAL_CIRCLE"
"1","
 "
"1"," "
"1","13"
"1"," "
"1"," "
"1"," "
"1","2"
"1"," "
"1"," "
"1","AMT_ANNUITY"
"1"," "
"1"," "
"1","MEAN_EXT_SOURCE"
"1"," "
"1"," "
"1","OBS_CNT_SOCIAL_CIRCLE"
"1"," "
"1"," "
"1","DEF_CNT_SOCIAL_CIRCLE"
"1","
 "
"1"," "
"1","13"
"1"," "
"1"," "
"1"," "
"1","3"
"1"," "
"1"," "
"1","AMT_ANNUITY"
"1"," "
"1"," "
"1","MEAN_EXT_SOURCE"
"1"," "
"1"," "
"1","OBS_CNT_SOCIAL_CIRCLE"
"1"," "
"1"," "
"1","DEF_CNT_SOCIAL_CIRCLE"
"1","
 "
"1"," "
"1","13"
"1"," "
"1"," "
"1"," "
"1","4"
"1"," "
"1"," "
"1","AMT_ANNUITY"
"1"," "
"1"," "
"1","MEAN_EXT_SOURCE"
"1"," "
"1"," "
"1","OBS_CNT_SOCIAL_CIRCLE"
"1"," "
"1"," "
"1","DEF_CNT_SOCIAL_CIRCLE"
"1","
 "
"1"," "
"1","13"
"1"," "
"1"," "
"1"," "
"1","5"
"1"," "
"1"," "
"1","AMT_ANNUITY"
"1"," "
"1"," "
"1","MEAN_EXT_SOURCE"
"1"," "
"1"," "
"1","OBS_CNT_SOCIAL_CIRCLE"
"1"," "
"1"," "
"1","DEF_CNT_SOCIAL_CIRCLE"
"1","
 "
"1"," "
"1","14"
"1"," "
"1"," "
"1"," "
"1","1"
"1"," "
"1"," "
"1","AMT_ANNUITY"
"1"," "
"1"," "
"1","MEAN_EXT_SOURCE"
"1"," "
"1"," "
"1","OBS_CNT_SOCIAL_CIRCLE"
"1"," "
"1"," "
"1","DEF_CNT_SOCIAL_CIRCLE"
"1","
 "
"1"," "
"1","14"
"1"," "
"1"," "
"1"," "
"1","2"
"1"," "
"1"," "
"1","AMT_ANNUITY"
"1"," "
"1"," "
"1","MEAN_EXT_SOURCE"
"1"," "
"1"," "
"1","OBS_CNT_SOCIAL_CIRCLE"
"1"," "
"1"," "
"1","DEF_CNT_SOCIAL_CIRCLE"
"1","
 "
"1"," "
"1","14"
"1"," "
"1"," "
"1"," "
"1","3"
"1"," "
"1"," "
"1","AMT_ANNUITY"
"1"," "
"1"," "
"1","MEAN_EXT_SOURCE"
"1"," "
"1"," "
"1","OBS_CNT_SOCIAL_CIRCLE"
"1"," "
"1"," "
"1","DEF_CNT_SOCIAL_CIRCLE"
"1","
 "
"1"," "
"1","14"
"1"," "
"1"," "
"1"," "
"1","4"
"1"," "
"1"," "
"1","AMT_ANNUITY"
"1"," "
"1"," "
"1","MEAN_EXT_SOURCE"
"1"," "
"1"," "
"1","OBS_CNT_SOCIAL_CIRCLE"
"1"," "
"1"," "
"1","DEF_CNT_SOCIAL_CIRCLE"
"1","
 "
"1"," "
"1","14"
"1"," "
"1"," "
"1"," "
"1","5"
"1"," "
"1"," "
"1","AMT_ANNUITY"
"1"," "
"1"," "
"1","MEAN_EXT_SOURCE"
"1"," "
"1"," "
"1","OBS_CNT_SOCIAL_CIRCLE"
"1"," "
"1"," "
"1","DEF_CNT_SOCIAL_CIRCLE"
"1","
 "
"1"," "
"1","15"
"1"," "
"1"," "
"1"," "
"1","1"
"1"," "
"1"," "
"1","AMT_ANNUITY"
"1"," "
"1"," "
"1","MEAN_EXT_SOURCE"
"1"," "
"1"," "
"1","OBS_CNT_SOCIAL_CIRCLE"
"1"," "
"1"," "
"1","DEF_CNT_SOCIAL_CIRCLE"
"1","
 "
"1"," "
"1","15"
"1"," "
"1"," "
"1"," "
"1","2"
"1"," "
"1"," "
"1","AMT_ANNUITY"
"1"," "
"1"," "
"1","MEAN_EXT_SOURCE"
"1"," "
"1"," "
"1","OBS_CNT_SOCIAL_CIRCLE"
"1"," "
"1"," "
"1","DEF_CNT_SOCIAL_CIRCLE"
"1","
 "
"1"," "
"1","15"
"1"," "
"1"," "
"1"," "
"1","3"
"1"," "
"1"," "
"1","AMT_ANNUITY"
"1"," "
"1"," "
"1","MEAN_EXT_SOURCE"
"1"," "
"1"," "
"1","OBS_CNT_SOCIAL_CIRCLE"
"1"," "
"1"," "
"1","DEF_CNT_SOCIAL_CIRCLE"
"1","
 "
"1"," "
"1","15"
"1"," "
"1"," "
"1"," "
"1","4"
"1"," "
"1"," "
"1","AMT_ANNUITY"
"1"," "
"1"," "
"1","MEAN_EXT_SOURCE"
"1"," "
"1"," "
"1","OBS_CNT_SOCIAL_CIRCLE"
"1"," "
"1"," "
"1","DEF_CNT_SOCIAL_CIRCLE"
"1","
 "
"1"," "
"1","15"
"1"," "
"1"," "
"1"," "
"1","5"
"1"," "
"1"," "
"1","AMT_ANNUITY"
"1"," "
"1"," "
"1","MEAN_EXT_SOURCE"
"1"," "
"1"," "
"1","OBS_CNT_SOCIAL_CIRCLE"
"1"," "
"1"," "
"1","DEF_CNT_SOCIAL_CIRCLE"
"1","
 "
"1"," "
"1","16"
"1"," "
"1"," "
"1"," "
"1","1"
"1"," "
"1"," "
"1","AMT_ANNUITY"
"1"," "
"1"," "
"1","MEAN_EXT_SOURCE"
"1"," "
"1"," "
"1","OBS_CNT_SOCIAL_CIRCLE"
"1"," "
"1"," "
"1","DEF_CNT_SOCIAL_CIRCLE"
"1","
 "
"1"," "
"1","16"
"1"," "
"1"," "
"1"," "
"1","2"
"1"," "
"1"," "
"1","AMT_ANNUITY"
"1"," "
"1"," "
"1","MEAN_EXT_SOURCE"
"1"," "
"1"," "
"1","OBS_CNT_SOCIAL_CIRCLE"
"1"," "
"1"," "
"1","DEF_CNT_SOCIAL_CIRCLE"
"1","
 "
"1"," "
"1","16"
"1"," "
"1"," "
"1"," "
"1","3"
"1"," "
"1"," "
"1","AMT_ANNUITY"
"1"," "
"1"," "
"1","MEAN_EXT_SOURCE"
"1"," "
"1"," "
"1","OBS_CNT_SOCIAL_CIRCLE"
"1"," "
"1"," "
"1","DEF_CNT_SOCIAL_CIRCLE"
"1","
 "
"1"," "
"1","16"
"1"," "
"1"," "
"1"," "
"1","4"
"1"," "
"1"," "
"1","AMT_ANNUITY"
"1"," "
"1"," "
"1","MEAN_EXT_SOURCE"
"1"," "
"1"," "
"1","OBS_CNT_SOCIAL_CIRCLE"
"1"," "
"1"," "
"1","DEF_CNT_SOCIAL_CIRCLE"
"1","
 "
"1"," "
"1","16"
"1"," "
"1"," "
"1"," "
"1","5"
"1"," "
"1"," "
"1","AMT_ANNUITY"
"1"," "
"1"," "
"1","MEAN_EXT_SOURCE"
"1"," "
"1"," "
"1","OBS_CNT_SOCIAL_CIRCLE"
"1"," "
"1"," "
"1","DEF_CNT_SOCIAL_CIRCLE"
"1","
 "
"1"," "
"1","17"
"1"," "
"1"," "
"1"," "
"1","1"
"1"," "
"1"," "
"1","AMT_ANNUITY"
"1"," "
"1"," "
"1","MEAN_EXT_SOURCE"
"1"," "
"1"," "
"1","OBS_CNT_SOCIAL_CIRCLE"
"1"," "
"1"," "
"1","DEF_CNT_SOCIAL_CIRCLE"
"1","
 "
"1"," "
"1","17"
"1"," "
"1"," "
"1"," "
"1","2"
"1"," "
"1"," "
"1","AMT_ANNUITY"
"1"," "
"1"," "
"1","MEAN_EXT_SOURCE"
"1"," "
"1"," "
"1","OBS_CNT_SOCIAL_CIRCLE"
"1"," "
"1"," "
"1","DEF_CNT_SOCIAL_CIRCLE"
"1","
 "
"1"," "
"1","17"
"1"," "
"1"," "
"1"," "
"1","3"
"1"," "
"1"," "
"1","AMT_ANNUITY"
"1"," "
"1"," "
"1","MEAN_EXT_SOURCE"
"1"," "
"1"," "
"1","OBS_CNT_SOCIAL_CIRCLE"
"1"," "
"1"," "
"1","DEF_CNT_SOCIAL_CIRCLE"
"1","
 "
"1"," "
"1","17"
"1"," "
"1"," "
"1"," "
"1","4"
"1"," "
"1"," "
"1","AMT_ANNUITY"
"1"," "
"1"," "
"1","MEAN_EXT_SOURCE"
"1"," "
"1"," "
"1","OBS_CNT_SOCIAL_CIRCLE"
"1"," "
"1"," "
"1","DEF_CNT_SOCIAL_CIRCLE"
"1","
 "
"1"," "
"1","17"
"1"," "
"1"," "
"1"," "
"1","5"
"1"," "
"1"," "
"1","AMT_ANNUITY"
"1"," "
"1"," "
"1","MEAN_EXT_SOURCE"
"1"," "
"1"," "
"1","OBS_CNT_SOCIAL_CIRCLE"
"1"," "
"1"," "
"1","DEF_CNT_SOCIAL_CIRCLE"
"1","
 "
"1"," "
"1","18"
"1"," "
"1"," "
"1"," "
"1","1"
"1"," "
"1"," "
"1","AMT_ANNUITY"
"1"," "
"1"," "
"1","MEAN_EXT_SOURCE"
"1"," "
"1"," "
"1","OBS_CNT_SOCIAL_CIRCLE"
"1"," "
"1"," "
"1","DEF_CNT_SOCIAL_CIRCLE"
"1","
 "
"1"," "
"1","18"
"1"," "
"1"," "
"1"," "
"1","2"
"1"," "
"1"," "
"1","AMT_ANNUITY"
"1"," "
"1"," "
"1","MEAN_EXT_SOURCE"
"1"," "
"1"," "
"1","OBS_CNT_SOCIAL_CIRCLE"
"1"," "
"1"," "
"1","DEF_CNT_SOCIAL_CIRCLE"
"1","
 "
"1"," "
"1","18"
"1"," "
"1"," "
"1"," "
"1","3"
"1"," "
"1"," "
"1","AMT_ANNUITY"
"1"," "
"1"," "
"1","MEAN_EXT_SOURCE"
"1"," "
"1"," "
"1","OBS_CNT_SOCIAL_CIRCLE"
"1"," "
"1"," "
"1","DEF_CNT_SOCIAL_CIRCLE"
"1","
 "
"1"," "
"1","18"
"1"," "
"1"," "
"1"," "
"1","4"
"1"," "
"1"," "
"1","AMT_ANNUITY"
"1"," "
"1"," "
"1","MEAN_EXT_SOURCE"
"1"," "
"1"," "
"1","OBS_CNT_SOCIAL_CIRCLE"
"1"," "
"1"," "
"1","DEF_CNT_SOCIAL_CIRCLE"
"1","
 "
"1"," "
"1","18"
"1"," "
"1"," "
"1"," "
"1","5"
"1"," "
"1"," "
"1","AMT_ANNUITY"
"1"," "
"1"," "
"1","MEAN_EXT_SOURCE"
"1"," "
"1"," "
"1","OBS_CNT_SOCIAL_CIRCLE"
"1"," "
"1"," "
"1","DEF_CNT_SOCIAL_CIRCLE"
"1","
 "
"1"," "
"1","19"
"1"," "
"1"," "
"1"," "
"1","1"
"1"," "
"1"," "
"1","AMT_ANNUITY"
"1"," "
"1"," "
"1","MEAN_EXT_SOURCE"
"1"," "
"1"," "
"1","OBS_CNT_SOCIAL_CIRCLE"
"1"," "
"1"," "
"1","DEF_CNT_SOCIAL_CIRCLE"
"1","
 "
"1"," "
"1","19"
"1"," "
"1"," "
"1"," "
"1","2"
"1"," "
"1"," "
"1","AMT_ANNUITY"
"1"," "
"1"," "
"1","MEAN_EXT_SOURCE"
"1"," "
"1"," "
"1","OBS_CNT_SOCIAL_CIRCLE"
"1"," "
"1"," "
"1","DEF_CNT_SOCIAL_CIRCLE"
"1","
 "
"1"," "
"1","19"
"1"," "
"1"," "
"1"," "
"1","3"
"1"," "
"1"," "
"1","AMT_ANNUITY"
"1"," "
"1"," "
"1","MEAN_EXT_SOURCE"
"1"," "
"1"," "
"1","OBS_CNT_SOCIAL_CIRCLE"
"1"," "
"1"," "
"1","DEF_CNT_SOCIAL_CIRCLE"
"1","
 "
"1"," "
"1","19"
"1"," "
"1"," "
"1"," "
"1","4"
"1"," "
"1"," "
"1","AMT_ANNUITY"
"1"," "
"1"," "
"1","MEAN_EXT_SOURCE"
"1"," "
"1"," "
"1","OBS_CNT_SOCIAL_CIRCLE"
"1"," "
"1"," "
"1","DEF_CNT_SOCIAL_CIRCLE"
"1","
 "
"1"," "
"1","19"
"1"," "
"1"," "
"1"," "
"1","5"
"1"," "
"1"," "
"1","AMT_ANNUITY"
"1"," "
"1"," "
"1","MEAN_EXT_SOURCE"
"1"," "
"1"," "
"1","OBS_CNT_SOCIAL_CIRCLE"
"1"," "
"1"," "
"1","DEF_CNT_SOCIAL_CIRCLE"
"1","
 "
"1"," "
"1","20"
"1"," "
"1"," "
"1"," "
"1","1"
"1"," "
"1"," "
"1","AMT_ANNUITY"
"1"," "
"1"," "
"1","MEAN_EXT_SOURCE"
"1"," "
"1"," "
"1","OBS_CNT_SOCIAL_CIRCLE"
"1"," "
"1"," "
"1","DEF_CNT_SOCIAL_CIRCLE"
"1","
 "
"1"," "
"1","20"
"1"," "
"1"," "
"1"," "
"1","2"
"1"," "
"1"," "
"1","AMT_ANNUITY"
"1"," "
"1"," "
"1","MEAN_EXT_SOURCE"
"1"," "
"1"," "
"1","OBS_CNT_SOCIAL_CIRCLE"
"1"," "
"1"," "
"1","DEF_CNT_SOCIAL_CIRCLE"
"1","
 "
"1"," "
"1","20"
"1"," "
"1"," "
"1"," "
"1","3"
"1"," "
"1"," "
"1","AMT_ANNUITY"
"1"," "
"1"," "
"1","MEAN_EXT_SOURCE"
"1"," "
"1"," "
"1","OBS_CNT_SOCIAL_CIRCLE"
"1"," "
"1"," "
"1","DEF_CNT_SOCIAL_CIRCLE"
"1","
 "
"1"," "
"1","20"
"1"," "
"1"," "
"1"," "
"1","4"
"1"," "
"1"," "
"1","AMT_ANNUITY"
"1"," "
"1"," "
"1","MEAN_EXT_SOURCE"
"1"," "
"1"," "
"1","OBS_CNT_SOCIAL_CIRCLE"
"1"," "
"1"," "
"1","DEF_CNT_SOCIAL_CIRCLE"
"1","
 "
"1"," "
"1","20"
"1"," "
"1"," "
"1"," "
"1","5"
"1"," "
"1"," "
"1","AMT_ANNUITY"
"1"," "
"1"," "
"1","MEAN_EXT_SOURCE"
"1"," "
"1"," "
"1","OBS_CNT_SOCIAL_CIRCLE"
"1"," "
"1"," "
"1","DEF_CNT_SOCIAL_CIRCLE"
"1","
 "
"1"," "
"1","21"
"1"," "
"1"," "
"1"," "
"1","1"
"1"," "
"1"," "
"1","AMT_ANNUITY"
"1"," "
"1"," "
"1","MEAN_EXT_SOURCE"
"1"," "
"1"," "
"1","OBS_CNT_SOCIAL_CIRCLE"
"1"," "
"1"," "
"1","DEF_CNT_SOCIAL_CIRCLE"
"1","
 "
"1"," "
"1","21"
"1"," "
"1"," "
"1"," "
"1","2"
"1"," "
"1"," "
"1","AMT_ANNUITY"
"1"," "
"1"," "
"1","MEAN_EXT_SOURCE"
"1"," "
"1"," "
"1","OBS_CNT_SOCIAL_CIRCLE"
"1"," "
"1"," "
"1","DEF_CNT_SOCIAL_CIRCLE"
"1","
 "
"1"," "
"1","21"
"1"," "
"1"," "
"1"," "
"1","3"
"1"," "
"1"," "
"1","AMT_ANNUITY"
"1"," "
"1"," "
"1","MEAN_EXT_SOURCE"
"1"," "
"1"," "
"1","OBS_CNT_SOCIAL_CIRCLE"
"1"," "
"1"," "
"1","DEF_CNT_SOCIAL_CIRCLE"
"1","
 "
"1"," "
"1","21"
"1"," "
"1"," "
"1"," "
"1","4"
"1"," "
"1"," "
"1","AMT_ANNUITY"
"1"," "
"1"," "
"1","MEAN_EXT_SOURCE"
"1"," "
"1"," "
"1","OBS_CNT_SOCIAL_CIRCLE"
"1"," "
"1"," "
"1","DEF_CNT_SOCIAL_CIRCLE"
"1","
 "
"1"," "
"1","21"
"1"," "
"1"," "
"1"," "
"1","5"
"1"," "
"1"," "
"1","AMT_ANNUITY"
"1"," "
"1"," "
"1","MEAN_EXT_SOURCE"
"1"," "
"1"," "
"1","OBS_CNT_SOCIAL_CIRCLE"
"1"," "
"1"," "
"1","DEF_CNT_SOCIAL_CIRCLE"
"1","
 "
"1"," "
"1","22"
"1"," "
"1"," "
"1"," "
"1","1"
"1"," "
"1"," "
"1","AMT_ANNUITY"
"1"," "
"1"," "
"1","MEAN_EXT_SOURCE"
"1"," "
"1"," "
"1","OBS_CNT_SOCIAL_CIRCLE"
"1"," "
"1"," "
"1","DEF_CNT_SOCIAL_CIRCLE"
"1","
 "
"1"," "
"1","22"
"1"," "
"1"," "
"1"," "
"1","2"
"1"," "
"1"," "
"1","AMT_ANNUITY"
"1"," "
"1"," "
"1","MEAN_EXT_SOURCE"
"1"," "
"1"," "
"1","OBS_CNT_SOCIAL_CIRCLE"
"1"," "
"1"," "
"1","DEF_CNT_SOCIAL_CIRCLE"
"1","
 "
"1"," "
"1","22"
"1"," "
"1"," "
"1"," "
"1","3"
"1"," "
"1"," "
"1","AMT_ANNUITY"
"1"," "
"1"," "
"1","MEAN_EXT_SOURCE"
"1"," "
"1"," "
"1","OBS_CNT_SOCIAL_CIRCLE"
"1"," "
"1"," "
"1","DEF_CNT_SOCIAL_CIRCLE"
"1","
 "
"1"," "
"1","22"
"1"," "
"1"," "
"1"," "
"1","4"
"1"," "
"1"," "
"1","AMT_ANNUITY"
"1"," "
"1"," "
"1","MEAN_EXT_SOURCE"
"1"," "
"1"," "
"1","OBS_CNT_SOCIAL_CIRCLE"
"1"," "
"1"," "
"1","DEF_CNT_SOCIAL_CIRCLE"
"1","
 "
"1"," "
"1","22"
"1"," "
"1"," "
"1"," "
"1","5"
"1"," "
"1"," "
"1","AMT_ANNUITY"
"1"," "
"1"," "
"1","MEAN_EXT_SOURCE"
"1"," "
"1"," "
"1","OBS_CNT_SOCIAL_CIRCLE"
"1"," "
"1"," "
"1","DEF_CNT_SOCIAL_CIRCLE"
"1","
 "
"1"," "
"1","23"
"1"," "
"1"," "
"1"," "
"1","1"
"1"," "
"1"," "
"1","AMT_ANNUITY"
"1"," "
"1"," "
"1","MEAN_EXT_SOURCE"
"1"," "
"1"," "
"1","OBS_CNT_SOCIAL_CIRCLE"
"1"," "
"1"," "
"1","DEF_CNT_SOCIAL_CIRCLE"
"1","
 "
"1"," "
"1","23"
"1"," "
"1"," "
"1"," "
"1","2"
"1"," "
"1"," "
"1","AMT_ANNUITY"
"1"," "
"1"," "
"1","MEAN_EXT_SOURCE"
"1"," "
"1"," "
"1","OBS_CNT_SOCIAL_CIRCLE"
"1"," "
"1"," "
"1","DEF_CNT_SOCIAL_CIRCLE"
"1","
 "
"1"," "
"1","23"
"1"," "
"1"," "
"1"," "
"1","3"
"1"," "
"1"," "
"1","AMT_ANNUITY"
"1"," "
"1"," "
"1","MEAN_EXT_SOURCE"
"1"," "
"1"," "
"1","OBS_CNT_SOCIAL_CIRCLE"
"1"," "
"1"," "
"1","DEF_CNT_SOCIAL_CIRCLE"
"1","
 "
"1"," "
"1","23"
"1"," "
"1"," "
"1"," "
"1","4"
"1"," "
"1"," "
"1","AMT_ANNUITY"
"1"," "
"1"," "
"1","MEAN_EXT_SOURCE"
"1"," "
"1"," "
"1","OBS_CNT_SOCIAL_CIRCLE"
"1"," "
"1"," "
"1","DEF_CNT_SOCIAL_CIRCLE"
"1","
 "
"1"," "
"1","23"
"1"," "
"1"," "
"1"," "
"1","5"
"1"," "
"1"," "
"1","AMT_ANNUITY"
"1"," "
"1"," "
"1","MEAN_EXT_SOURCE"
"1"," "
"1"," "
"1","OBS_CNT_SOCIAL_CIRCLE"
"1"," "
"1"," "
"1","DEF_CNT_SOCIAL_CIRCLE"
"1","
 "
"1"," "
"1","24"
"1"," "
"1"," "
"1"," "
"1","1"
"1"," "
"1"," "
"1","AMT_ANNUITY"
"1"," "
"1"," "
"1","MEAN_EXT_SOURCE"
"1"," "
"1"," "
"1","OBS_CNT_SOCIAL_CIRCLE"
"1"," "
"1"," "
"1","DEF_CNT_SOCIAL_CIRCLE"
"1","
 "
"1"," "
"1","24"
"1"," "
"1"," "
"1"," "
"1","2"
"1"," "
"1"," "
"1","AMT_ANNUITY"
"1"," "
"1"," "
"1","MEAN_EXT_SOURCE"
"1"," "
"1"," "
"1","OBS_CNT_SOCIAL_CIRCLE"
"1"," "
"1"," "
"1","DEF_CNT_SOCIAL_CIRCLE"
"1","
 "
"1"," "
"1","24"
"1"," "
"1"," "
"1"," "
"1","3"
"1"," "
"1"," "
"1","AMT_ANNUITY"
"1"," "
"1"," "
"1","MEAN_EXT_SOURCE"
"1"," "
"1"," "
"1","OBS_CNT_SOCIAL_CIRCLE"
"1"," "
"1"," "
"1","DEF_CNT_SOCIAL_CIRCLE"
"1","
 "
"1"," "
"1","24"
"1"," "
"1"," "
"1"," "
"1","4"
"1"," "
"1"," "
"1","AMT_ANNUITY"
"1"," "
"1"," "
"1","MEAN_EXT_SOURCE"
"1"," "
"1"," "
"1","OBS_CNT_SOCIAL_CIRCLE"
"1"," "
"1"," "
"1","DEF_CNT_SOCIAL_CIRCLE"
"1","
 "
"1"," "
"1","24"
"1"," "
"1"," "
"1"," "
"1","5"
"1"," "
"1"," "
"1","AMT_ANNUITY"
"1"," "
"1"," "
"1","MEAN_EXT_SOURCE"
"1"," "
"1"," "
"1","OBS_CNT_SOCIAL_CIRCLE"
"1"," "
"1"," "
"1","DEF_CNT_SOCIAL_CIRCLE"
"1","
 "
"1"," "
"1","25"
"1"," "
"1"," "
"1"," "
"1","1"
"1"," "
"1"," "
"1","AMT_ANNUITY"
"1"," "
"1"," "
"1","MEAN_EXT_SOURCE"
"1"," "
"1"," "
"1","OBS_CNT_SOCIAL_CIRCLE"
"1"," "
"1"," "
"1","DEF_CNT_SOCIAL_CIRCLE"
"1","
 "
"1"," "
"1","25"
"1"," "
"1"," "
"1"," "
"1","2"
"1"," "
"1"," "
"1","AMT_ANNUITY"
"1"," "
"1"," "
"1","MEAN_EXT_SOURCE"
"1"," "
"1"," "
"1","OBS_CNT_SOCIAL_CIRCLE"
"1"," "
"1"," "
"1","DEF_CNT_SOCIAL_CIRCLE"
"1","
 "
"1"," "
"1","25"
"1"," "
"1"," "
"1"," "
"1","3"
"1"," "
"1"," "
"1","AMT_ANNUITY"
"1"," "
"1"," "
"1","MEAN_EXT_SOURCE"
"1"," "
"1"," "
"1","OBS_CNT_SOCIAL_CIRCLE"
"1"," "
"1"," "
"1","DEF_CNT_SOCIAL_CIRCLE"
"1","
 "
"1"," "
"1","25"
"1"," "
"1"," "
"1"," "
"1","4"
"1"," "
"1"," "
"1","AMT_ANNUITY"
"1"," "
"1"," "
"1","MEAN_EXT_SOURCE"
"1"," "
"1"," "
"1","OBS_CNT_SOCIAL_CIRCLE"
"1"," "
"1"," "
"1","DEF_CNT_SOCIAL_CIRCLE"
"1","
 "
"1"," "
"1","25"
"1"," "
"1"," "
"1"," "
"1","5"
"1"," "
"1"," "
"1","AMT_ANNUITY"
"1"," "
"1"," "
"1","MEAN_EXT_SOURCE"
"1"," "
"1"," "
"1","OBS_CNT_SOCIAL_CIRCLE"
"1"," "
"1"," "
"1","DEF_CNT_SOCIAL_CIRCLE"
"1","
 "
"1"," "
"1","26"
"1"," "
"1"," "
"1"," "
"1","1"
"1"," "
"1"," "
"1","AMT_ANNUITY"
"1"," "
"1"," "
"1","MEAN_EXT_SOURCE"
"1"," "
"1"," "
"1","OBS_CNT_SOCIAL_CIRCLE"
"1"," "
"1"," "
"1","DEF_CNT_SOCIAL_CIRCLE"
"1","
 "
"1"," "
"1","26"
"1"," "
"1"," "
"1"," "
"1","2"
"1"," "
"1"," "
"1","AMT_ANNUITY"
"1"," "
"1"," "
"1","MEAN_EXT_SOURCE"
"1"," "
"1"," "
"1","OBS_CNT_SOCIAL_CIRCLE"
"1"," "
"1"," "
"1","DEF_CNT_SOCIAL_CIRCLE"
"1","
 "
"1"," "
"1","26"
"1"," "
"1"," "
"1"," "
"1","3"
"1"," "
"1"," "
"1","AMT_ANNUITY"
"1"," "
"1"," "
"1","MEAN_EXT_SOURCE"
"1"," "
"1"," "
"1","OBS_CNT_SOCIAL_CIRCLE"
"1"," "
"1"," "
"1","DEF_CNT_SOCIAL_CIRCLE"
"1","
 "
"1"," "
"1","26"
"1"," "
"1"," "
"1"," "
"1","4"
"1"," "
"1"," "
"1","AMT_ANNUITY"
"1"," "
"1"," "
"1","MEAN_EXT_SOURCE"
"1"," "
"1"," "
"1","OBS_CNT_SOCIAL_CIRCLE"
"1"," "
"1"," "
"1","DEF_CNT_SOCIAL_CIRCLE"
"1","
 "
"1"," "
"1","26"
"1"," "
"1"," "
"1"," "
"1","5"
"1"," "
"1"," "
"1","AMT_ANNUITY"
"1"," "
"1"," "
"1","MEAN_EXT_SOURCE"
"1"," "
"1"," "
"1","OBS_CNT_SOCIAL_CIRCLE"
"1"," "
"1"," "
"1","DEF_CNT_SOCIAL_CIRCLE"
"1","
 "
"1"," "
"1","27"
"1"," "
"1"," "
"1"," "
"1","1"
"1"," "
"1"," "
"1","AMT_ANNUITY"
"1"," "
"1"," "
"1","MEAN_EXT_SOURCE"
"1"," "
"1"," "
"1","OBS_CNT_SOCIAL_CIRCLE"
"1"," "
"1"," "
"1","DEF_CNT_SOCIAL_CIRCLE"
"1","
 "
"1"," "
"1","27"
"1"," "
"1"," "
"1"," "
"1","2"
"1"," "
"1"," "
"1","AMT_ANNUITY"
"1"," "
"1"," "
"1","MEAN_EXT_SOURCE"
"1"," "
"1"," "
"1","OBS_CNT_SOCIAL_CIRCLE"
"1"," "
"1"," "
"1","DEF_CNT_SOCIAL_CIRCLE"
"1","
 "
"1"," "
"1","27"
"1"," "
"1"," "
"1"," "
"1","3"
"1"," "
"1"," "
"1","AMT_ANNUITY"
"1"," "
"1"," "
"1","MEAN_EXT_SOURCE"
"1"," "
"1"," "
"1","OBS_CNT_SOCIAL_CIRCLE"
"1"," "
"1"," "
"1","DEF_CNT_SOCIAL_CIRCLE"
"1","
 "
"1"," "
"1","27"
"1"," "
"1"," "
"1"," "
"1","4"
"1"," "
"1"," "
"1","AMT_ANNUITY"
"1"," "
"1"," "
"1","MEAN_EXT_SOURCE"
"1"," "
"1"," "
"1","OBS_CNT_SOCIAL_CIRCLE"
"1"," "
"1"," "
"1","DEF_CNT_SOCIAL_CIRCLE"
"1","
 "
"1"," "
"1","27"
"1"," "
"1"," "
"1"," "
"1","5"
"1"," "
"1"," "
"1","AMT_ANNUITY"
"1"," "
"1"," "
"1","MEAN_EXT_SOURCE"
"1"," "
"1"," "
"1","OBS_CNT_SOCIAL_CIRCLE"
"1"," "
"1"," "
"1","DEF_CNT_SOCIAL_CIRCLE"
"1","
 "
"1"," "
"1","28"
"1"," "
"1"," "
"1"," "
"1","1"
"1"," "
"1"," "
"1","AMT_ANNUITY"
"1"," "
"1"," "
"1","MEAN_EXT_SOURCE"
"1"," "
"1"," "
"1","OBS_CNT_SOCIAL_CIRCLE"
"1"," "
"1"," "
"1","DEF_CNT_SOCIAL_CIRCLE"
"1","
 "
"1"," "
"1","28"
"1"," "
"1"," "
"1"," "
"1","2"
"1"," "
"1"," "
"1","AMT_ANNUITY"
"1"," "
"1"," "
"1","MEAN_EXT_SOURCE"
"1"," "
"1"," "
"1","OBS_CNT_SOCIAL_CIRCLE"
"1"," "
"1"," "
"1","DEF_CNT_SOCIAL_CIRCLE"
"1","
 "
"1"," "
"1","28"
"1"," "
"1"," "
"1"," "
"1","3"
"1"," "
"1"," "
"1","AMT_ANNUITY"
"1"," "
"1"," "
"1","MEAN_EXT_SOURCE"
"1"," "
"1"," "
"1","OBS_CNT_SOCIAL_CIRCLE"
"1"," "
"1"," "
"1","DEF_CNT_SOCIAL_CIRCLE"
"1","
 "
"1"," "
"1","28"
"1"," "
"1"," "
"1"," "
"1","4"
"1"," "
"1"," "
"1","AMT_ANNUITY"
"1"," "
"1"," "
"1","MEAN_EXT_SOURCE"
"1"," "
"1"," "
"1","OBS_CNT_SOCIAL_CIRCLE"
"1"," "
"1"," "
"1","DEF_CNT_SOCIAL_CIRCLE"
"1","
 "
"1"," "
"1","28"
"1"," "
"1"," "
"1"," "
"1","5"
"1"," "
"1"," "
"1","AMT_ANNUITY"
"1"," "
"1"," "
"1","MEAN_EXT_SOURCE"
"1"," "
"1"," "
"1","OBS_CNT_SOCIAL_CIRCLE"
"1"," "
"1"," "
"1","DEF_CNT_SOCIAL_CIRCLE"
"1","
 "
"1"," "
"1","29"
"1"," "
"1"," "
"1"," "
"1","1"
"1"," "
"1"," "
"1","AMT_ANNUITY"
"1"," "
"1"," "
"1","MEAN_EXT_SOURCE"
"1"," "
"1"," "
"1","OBS_CNT_SOCIAL_CIRCLE"
"1"," "
"1"," "
"1","DEF_CNT_SOCIAL_CIRCLE"
"1","
 "
"1"," "
"1","29"
"1"," "
"1"," "
"1"," "
"1","2"
"1"," "
"1"," "
"1","AMT_ANNUITY"
"1"," "
"1"," "
"1","MEAN_EXT_SOURCE"
"1"," "
"1"," "
"1","OBS_CNT_SOCIAL_CIRCLE"
"1"," "
"1"," "
"1","DEF_CNT_SOCIAL_CIRCLE"
"1","
 "
"1"," "
"1","29"
"1"," "
"1"," "
"1"," "
"1","3"
"1"," "
"1"," "
"1","AMT_ANNUITY"
"1"," "
"1"," "
"1","MEAN_EXT_SOURCE"
"1"," "
"1"," "
"1","OBS_CNT_SOCIAL_CIRCLE"
"1"," "
"1"," "
"1","DEF_CNT_SOCIAL_CIRCLE"
"1","
 "
"1"," "
"1","29"
"1"," "
"1"," "
"1"," "
"1","4"
"1"," "
"1"," "
"1","AMT_ANNUITY"
"1"," "
"1"," "
"1","MEAN_EXT_SOURCE"
"1"," "
"1"," "
"1","OBS_CNT_SOCIAL_CIRCLE"
"1"," "
"1"," "
"1","DEF_CNT_SOCIAL_CIRCLE"
"1","
 "
"1"," "
"1","29"
"1"," "
"1"," "
"1"," "
"1","5"
"1"," "
"1"," "
"1","AMT_ANNUITY"
"1"," "
"1"," "
"1","MEAN_EXT_SOURCE"
"1"," "
"1"," "
"1","OBS_CNT_SOCIAL_CIRCLE"
"1"," "
"1"," "
"1","DEF_CNT_SOCIAL_CIRCLE"
"1","
 "
"1"," "
"1","30"
"1"," "
"1"," "
"1"," "
"1","1"
"1"," "
"1"," "
"1","AMT_ANNUITY"
"1"," "
"1"," "
"1","MEAN_EXT_SOURCE"
"1"," "
"1"," "
"1","OBS_CNT_SOCIAL_CIRCLE"
"1"," "
"1"," "
"1","DEF_CNT_SOCIAL_CIRCLE"
"1","
 "
"1"," "
"1","30"
"1"," "
"1"," "
"1"," "
"1","2"
"1"," "
"1"," "
"1","AMT_ANNUITY"
"1"," "
"1"," "
"1","MEAN_EXT_SOURCE"
"1"," "
"1"," "
"1","OBS_CNT_SOCIAL_CIRCLE"
"1"," "
"1"," "
"1","DEF_CNT_SOCIAL_CIRCLE"
"1","
 "
"1"," "
"1","30"
"1"," "
"1"," "
"1"," "
"1","3"
"1"," "
"1"," "
"1","AMT_ANNUITY"
"1"," "
"1"," "
"1","MEAN_EXT_SOURCE"
"1"," "
"1"," "
"1","OBS_CNT_SOCIAL_CIRCLE"
"1"," "
"1"," "
"1","DEF_CNT_SOCIAL_CIRCLE"
"1","
 "
"1"," "
"1","30"
"1"," "
"1"," "
"1"," "
"1","4"
"1"," "
"1"," "
"1","AMT_ANNUITY"
"1"," "
"1"," "
"1","MEAN_EXT_SOURCE"
"1"," "
"1"," "
"1","OBS_CNT_SOCIAL_CIRCLE"
"1"," "
"1"," "
"1","DEF_CNT_SOCIAL_CIRCLE"
"1","
 "
"1"," "
"1","30"
"1"," "
"1"," "
"1"," "
"1","5"
"1"," "
"1"," "
"1","AMT_ANNUITY"
"1"," "
"1"," "
"1","MEAN_EXT_SOURCE"
"1"," "
"1"," "
"1","OBS_CNT_SOCIAL_CIRCLE"
"1"," "
"1"," "
"1","DEF_CNT_SOCIAL_CIRCLE"
"1","
 "
"1"," "
"1","31"
"1"," "
"1"," "
"1"," "
"1","1"
"1"," "
"1"," "
"1","AMT_ANNUITY"
"1"," "
"1"," "
"1","MEAN_EXT_SOURCE"
"1"," "
"1"," "
"1","OBS_CNT_SOCIAL_CIRCLE"
"1"," "
"1"," "
"1","DEF_CNT_SOCIAL_CIRCLE"
"1","
 "
"1"," "
"1","31"
"1"," "
"1"," "
"1"," "
"1","2"
"1"," "
"1"," "
"1","AMT_ANNUITY"
"1"," "
"1"," "
"1","MEAN_EXT_SOURCE"
"1"," "
"1"," "
"1","OBS_CNT_SOCIAL_CIRCLE"
"1"," "
"1"," "
"1","DEF_CNT_SOCIAL_CIRCLE"
"1","
 "
"1"," "
"1","31"
"1"," "
"1"," "
"1"," "
"1","3"
"1"," "
"1"," "
"1","AMT_ANNUITY"
"1"," "
"1"," "
"1","MEAN_EXT_SOURCE"
"1"," "
"1"," "
"1","OBS_CNT_SOCIAL_CIRCLE"
"1"," "
"1"," "
"1","DEF_CNT_SOCIAL_CIRCLE"
"1","
 "
"1"," "
"1","31"
"1"," "
"1"," "
"1"," "
"1","4"
"1"," "
"1"," "
"1","AMT_ANNUITY"
"1"," "
"1"," "
"1","MEAN_EXT_SOURCE"
"1"," "
"1"," "
"1","OBS_CNT_SOCIAL_CIRCLE"
"1"," "
"1"," "
"1","DEF_CNT_SOCIAL_CIRCLE"
"1","
 "
"1"," "
"1","31"
"1"," "
"1"," "
"1"," "
"1","5"
"1"," "
"1"," "
"1","AMT_ANNUITY"
"1"," "
"1"," "
"1","MEAN_EXT_SOURCE"
"1"," "
"1"," "
"1","OBS_CNT_SOCIAL_CIRCLE"
"1"," "
"1"," "
"1","DEF_CNT_SOCIAL_CIRCLE"
"1","
 "
"1"," "
"1","32"
"1"," "
"1"," "
"1"," "
"1","1"
"1"," "
"1"," "
"1","AMT_ANNUITY"
"1"," "
"1"," "
"1","MEAN_EXT_SOURCE"
"1"," "
"1"," "
"1","OBS_CNT_SOCIAL_CIRCLE"
"1"," "
"1"," "
"1","DEF_CNT_SOCIAL_CIRCLE"
"1","
 "
"1"," "
"1","32"
"1"," "
"1"," "
"1"," "
"1","2"
"1"," "
"1"," "
"1","AMT_ANNUITY"
"1"," "
"1"," "
"1","MEAN_EXT_SOURCE"
"1"," "
"1"," "
"1","OBS_CNT_SOCIAL_CIRCLE"
"1"," "
"1"," "
"1","DEF_CNT_SOCIAL_CIRCLE"
"1","
 "
"1"," "
"1","32"
"1"," "
"1"," "
"1"," "
"1","3"
"1"," "
"1"," "
"1","AMT_ANNUITY"
"1"," "
"1"," "
"1","MEAN_EXT_SOURCE"
"1"," "
"1"," "
"1","OBS_CNT_SOCIAL_CIRCLE"
"1"," "
"1"," "
"1","DEF_CNT_SOCIAL_CIRCLE"
"1","
 "
"1"," "
"1","32"
"1"," "
"1"," "
"1"," "
"1","4"
"1"," "
"1"," "
"1","AMT_ANNUITY"
"1"," "
"1"," "
"1","MEAN_EXT_SOURCE"
"1"," "
"1"," "
"1","OBS_CNT_SOCIAL_CIRCLE"
"1"," "
"1"," "
"1","DEF_CNT_SOCIAL_CIRCLE"
"1","
 "
"1"," "
"1","32"
"1"," "
"1"," "
"1"," "
"1","5"
"1"," "
"1"," "
"1","AMT_ANNUITY"
"1"," "
"1"," "
"1","MEAN_EXT_SOURCE"
"1"," "
"1"," "
"1","OBS_CNT_SOCIAL_CIRCLE"
"1"," "
"1"," "
"1","DEF_CNT_SOCIAL_CIRCLE"
"1","
 "
"1"," "
"1","33"
"1"," "
"1"," "
"1"," "
"1","1"
"1"," "
"1"," "
"1","AMT_ANNUITY"
"1"," "
"1"," "
"1","MEAN_EXT_SOURCE"
"1"," "
"1"," "
"1","OBS_CNT_SOCIAL_CIRCLE"
"1"," "
"1"," "
"1","DEF_CNT_SOCIAL_CIRCLE"
"1","
 "
"1"," "
"1","33"
"1"," "
"1"," "
"1"," "
"1","2"
"1"," "
"1"," "
"1","AMT_ANNUITY"
"1"," "
"1"," "
"1","MEAN_EXT_SOURCE"
"1"," "
"1"," "
"1","OBS_CNT_SOCIAL_CIRCLE"
"1"," "
"1"," "
"1","DEF_CNT_SOCIAL_CIRCLE"
"1","
 "
"1"," "
"1","33"
"1"," "
"1"," "
"1"," "
"1","3"
"1"," "
"1"," "
"1","AMT_ANNUITY"
"1"," "
"1"," "
"1","MEAN_EXT_SOURCE"
"1"," "
"1"," "
"1","OBS_CNT_SOCIAL_CIRCLE"
"1"," "
"1"," "
"1","DEF_CNT_SOCIAL_CIRCLE"
"1","
 "
"1"," "
"1","33"
"1"," "
"1"," "
"1"," "
"1","4"
"1"," "
"1"," "
"1","AMT_ANNUITY"
"1"," "
"1"," "
"1","MEAN_EXT_SOURCE"
"1"," "
"1"," "
"1","OBS_CNT_SOCIAL_CIRCLE"
"1"," "
"1"," "
"1","DEF_CNT_SOCIAL_CIRCLE"
"1","
 "
"1"," "
"1","33"
"1"," "
"1"," "
"1"," "
"1","5"
"1"," "
"1"," "
"1","AMT_ANNUITY"
"1"," "
"1"," "
"1","MEAN_EXT_SOURCE"
"1"," "
"1"," "
"1","OBS_CNT_SOCIAL_CIRCLE"
"1"," "
"1"," "
"1","DEF_CNT_SOCIAL_CIRCLE"
"1","
 "
"1"," "
"1","34"
"1"," "
"1"," "
"1"," "
"1","1"
"1"," "
"1"," "
"1","AMT_ANNUITY"
"1"," "
"1"," "
"1","MEAN_EXT_SOURCE"
"1"," "
"1"," "
"1","OBS_CNT_SOCIAL_CIRCLE"
"1"," "
"1"," "
"1","DEF_CNT_SOCIAL_CIRCLE"
"1","
 "
"1"," "
"1","34"
"1"," "
"1"," "
"1"," "
"1","2"
"1"," "
"1"," "
"1","AMT_ANNUITY"
"1"," "
"1"," "
"1","MEAN_EXT_SOURCE"
"1"," "
"1"," "
"1","OBS_CNT_SOCIAL_CIRCLE"
"1"," "
"1"," "
"1","DEF_CNT_SOCIAL_CIRCLE"
"1","
 "
"1"," "
"1","34"
"1"," "
"1"," "
"1"," "
"1","3"
"1"," "
"1"," "
"1","AMT_ANNUITY"
"1"," "
"1"," "
"1","MEAN_EXT_SOURCE"
"1"," "
"1"," "
"1","OBS_CNT_SOCIAL_CIRCLE"
"1"," "
"1"," "
"1","DEF_CNT_SOCIAL_CIRCLE"
"1","
 "
"1"," "
"1","34"
"1"," "
"1"," "
"1"," "
"1","4"
"1"," "
"1"," "
"1","AMT_ANNUITY"
"1"," "
"1"," "
"1","MEAN_EXT_SOURCE"
"1"," "
"1"," "
"1","OBS_CNT_SOCIAL_CIRCLE"
"1"," "
"1"," "
"1","DEF_CNT_SOCIAL_CIRCLE"
"1","
 "
"1"," "
"1","34"
"1"," "
"1"," "
"1"," "
"1","5"
"1"," "
"1"," "
"1","AMT_ANNUITY"
"1"," "
"1"," "
"1","MEAN_EXT_SOURCE"
"1"," "
"1"," "
"1","OBS_CNT_SOCIAL_CIRCLE"
"1"," "
"1"," "
"1","DEF_CNT_SOCIAL_CIRCLE"
"1","
 "
"1"," "
"1","35"
"1"," "
"1"," "
"1"," "
"1","1"
"1"," "
"1"," "
"1","AMT_ANNUITY"
"1"," "
"1"," "
"1","MEAN_EXT_SOURCE"
"1"," "
"1"," "
"1","OBS_CNT_SOCIAL_CIRCLE"
"1"," "
"1"," "
"1","DEF_CNT_SOCIAL_CIRCLE"
"1","
 "
"1"," "
"1","35"
"1"," "
"1"," "
"1"," "
"1","2"
"1"," "
"1"," "
"1","AMT_ANNUITY"
"1"," "
"1"," "
"1","MEAN_EXT_SOURCE"
"1"," "
"1"," "
"1","OBS_CNT_SOCIAL_CIRCLE"
"1"," "
"1"," "
"1","DEF_CNT_SOCIAL_CIRCLE"
"1","
 "
"1"," "
"1","35"
"1"," "
"1"," "
"1"," "
"1","3"
"1"," "
"1"," "
"1","AMT_ANNUITY"
"1"," "
"1"," "
"1","MEAN_EXT_SOURCE"
"1"," "
"1"," "
"1","OBS_CNT_SOCIAL_CIRCLE"
"1"," "
"1"," "
"1","DEF_CNT_SOCIAL_CIRCLE"
"1","
 "
"1"," "
"1","35"
"1"," "
"1"," "
"1"," "
"1","4"
"1"," "
"1"," "
"1","AMT_ANNUITY"
"1"," "
"1"," "
"1","MEAN_EXT_SOURCE"
"1"," "
"1"," "
"1","OBS_CNT_SOCIAL_CIRCLE"
"1"," "
"1"," "
"1","DEF_CNT_SOCIAL_CIRCLE"
"1","
 "
"1"," "
"1","35"
"1"," "
"1"," "
"1"," "
"1","5"
"1"," "
"1"," "
"1","AMT_ANNUITY"
"1"," "
"1"," "
"1","MEAN_EXT_SOURCE"
"1"," "
"1"," "
"1","OBS_CNT_SOCIAL_CIRCLE"
"1"," "
"1"," "
"1","DEF_CNT_SOCIAL_CIRCLE"
"1","
 "
"1"," "
"1","36"
"1"," "
"1"," "
"1"," "
"1","1"
"1"," "
"1"," "
"1","AMT_ANNUITY"
"1"," "
"1"," "
"1","MEAN_EXT_SOURCE"
"1"," "
"1"," "
"1","OBS_CNT_SOCIAL_CIRCLE"
"1"," "
"1"," "
"1","DEF_CNT_SOCIAL_CIRCLE"
"1","
 "
"1"," "
"1","36"
"1"," "
"1"," "
"1"," "
"1","2"
"1"," "
"1"," "
"1","AMT_ANNUITY"
"1"," "
"1"," "
"1","MEAN_EXT_SOURCE"
"1"," "
"1"," "
"1","OBS_CNT_SOCIAL_CIRCLE"
"1"," "
"1"," "
"1","DEF_CNT_SOCIAL_CIRCLE"
"1","
 "
"1"," "
"1","36"
"1"," "
"1"," "
"1"," "
"1","3"
"1"," "
"1"," "
"1","AMT_ANNUITY"
"1"," "
"1"," "
"1","MEAN_EXT_SOURCE"
"1"," "
"1"," "
"1","OBS_CNT_SOCIAL_CIRCLE"
"1"," "
"1"," "
"1","DEF_CNT_SOCIAL_CIRCLE"
"1","
 "
"1"," "
"1","36"
"1"," "
"1"," "
"1"," "
"1","4"
"1"," "
"1"," "
"1","AMT_ANNUITY"
"1"," "
"1"," "
"1","MEAN_EXT_SOURCE"
"1"," "
"1"," "
"1","OBS_CNT_SOCIAL_CIRCLE"
"1"," "
"1"," "
"1","DEF_CNT_SOCIAL_CIRCLE"
"1","
 "
"1"," "
"1","36"
"1"," "
"1"," "
"1"," "
"1","5"
"1"," "
"1"," "
"1","AMT_ANNUITY"
"1"," "
"1"," "
"1","MEAN_EXT_SOURCE"
"1"," "
"1"," "
"1","OBS_CNT_SOCIAL_CIRCLE"
"1"," "
"1"," "
"1","DEF_CNT_SOCIAL_CIRCLE"
"1","
 "
"1"," "
"1","37"
"1"," "
"1"," "
"1"," "
"1","1"
"1"," "
"1"," "
"1","AMT_ANNUITY"
"1"," "
"1"," "
"1","MEAN_EXT_SOURCE"
"1"," "
"1"," "
"1","OBS_CNT_SOCIAL_CIRCLE"
"1"," "
"1"," "
"1","DEF_CNT_SOCIAL_CIRCLE"
"1","
 "
"1"," "
"1","37"
"1"," "
"1"," "
"1"," "
"1","2"
"1"," "
"1"," "
"1","AMT_ANNUITY"
"1"," "
"1"," "
"1","MEAN_EXT_SOURCE"
"1"," "
"1"," "
"1","OBS_CNT_SOCIAL_CIRCLE"
"1"," "
"1"," "
"1","DEF_CNT_SOCIAL_CIRCLE"
"1","
 "
"1"," "
"1","37"
"1"," "
"1"," "
"1"," "
"1","3"
"1"," "
"1"," "
"1","AMT_ANNUITY"
"1"," "
"1"," "
"1","MEAN_EXT_SOURCE"
"1"," "
"1"," "
"1","OBS_CNT_SOCIAL_CIRCLE"
"1"," "
"1"," "
"1","DEF_CNT_SOCIAL_CIRCLE"
"1","
 "
"1"," "
"1","37"
"1"," "
"1"," "
"1"," "
"1","4"
"1"," "
"1"," "
"1","AMT_ANNUITY"
"1"," "
"1"," "
"1","MEAN_EXT_SOURCE"
"1"," "
"1"," "
"1","OBS_CNT_SOCIAL_CIRCLE"
"1"," "
"1"," "
"1","DEF_CNT_SOCIAL_CIRCLE"
"1","
 "
"1"," "
"1","37"
"1"," "
"1"," "
"1"," "
"1","5"
"1"," "
"1"," "
"1","AMT_ANNUITY"
"1"," "
"1"," "
"1","MEAN_EXT_SOURCE"
"1"," "
"1"," "
"1","OBS_CNT_SOCIAL_CIRCLE"
"1"," "
"1"," "
"1","DEF_CNT_SOCIAL_CIRCLE"
"1","
 "
"1"," "
"1","38"
"1"," "
"1"," "
"1"," "
"1","1"
"1"," "
"1"," "
"1","AMT_ANNUITY"
"1"," "
"1"," "
"1","MEAN_EXT_SOURCE"
"1"," "
"1"," "
"1","OBS_CNT_SOCIAL_CIRCLE"
"1"," "
"1"," "
"1","DEF_CNT_SOCIAL_CIRCLE"
"1","
 "
"1"," "
"1","38"
"1"," "
"1"," "
"1"," "
"1","2"
"1"," "
"1"," "
"1","AMT_ANNUITY"
"1"," "
"1"," "
"1","MEAN_EXT_SOURCE"
"1"," "
"1"," "
"1","OBS_CNT_SOCIAL_CIRCLE"
"1"," "
"1"," "
"1","DEF_CNT_SOCIAL_CIRCLE"
"1","
 "
"1"," "
"1","38"
"1"," "
"1"," "
"1"," "
"1","3"
"1"," "
"1"," "
"1","AMT_ANNUITY"
"1"," "
"1"," "
"1","MEAN_EXT_SOURCE"
"1"," "
"1"," "
"1","OBS_CNT_SOCIAL_CIRCLE"
"1"," "
"1"," "
"1","DEF_CNT_SOCIAL_CIRCLE"
"1","
 "
"1"," "
"1","38"
"1"," "
"1"," "
"1"," "
"1","4"
"1"," "
"1"," "
"1","AMT_ANNUITY"
"1"," "
"1"," "
"1","MEAN_EXT_SOURCE"
"1"," "
"1"," "
"1","OBS_CNT_SOCIAL_CIRCLE"
"1"," "
"1"," "
"1","DEF_CNT_SOCIAL_CIRCLE"
"1","
 "
"1"," "
"1","38"
"1"," "
"1"," "
"1"," "
"1","5"
"1"," "
"1"," "
"1","AMT_ANNUITY"
"1"," "
"1"," "
"1","MEAN_EXT_SOURCE"
"1"," "
"1"," "
"1","OBS_CNT_SOCIAL_CIRCLE"
"1"," "
"1"," "
"1","DEF_CNT_SOCIAL_CIRCLE"
"1","
 "
"1"," "
"1","39"
"1"," "
"1"," "
"1"," "
"1","1"
"1"," "
"1"," "
"1","AMT_ANNUITY"
"1"," "
"1"," "
"1","MEAN_EXT_SOURCE"
"1"," "
"1"," "
"1","OBS_CNT_SOCIAL_CIRCLE"
"1"," "
"1"," "
"1","DEF_CNT_SOCIAL_CIRCLE"
"1","
 "
"1"," "
"1","39"
"1"," "
"1"," "
"1"," "
"1","2"
"1"," "
"1"," "
"1","AMT_ANNUITY"
"1"," "
"1"," "
"1","MEAN_EXT_SOURCE"
"1"," "
"1"," "
"1","OBS_CNT_SOCIAL_CIRCLE"
"1"," "
"1"," "
"1","DEF_CNT_SOCIAL_CIRCLE"
"1","
 "
"1"," "
"1","39"
"1"," "
"1"," "
"1"," "
"1","3"
"1"," "
"1"," "
"1","AMT_ANNUITY"
"1"," "
"1"," "
"1","MEAN_EXT_SOURCE"
"1"," "
"1"," "
"1","OBS_CNT_SOCIAL_CIRCLE"
"1"," "
"1"," "
"1","DEF_CNT_SOCIAL_CIRCLE"
"1","
 "
"1"," "
"1","39"
"1"," "
"1"," "
"1"," "
"1","4"
"1"," "
"1"," "
"1","AMT_ANNUITY"
"1"," "
"1"," "
"1","MEAN_EXT_SOURCE"
"1"," "
"1"," "
"1","OBS_CNT_SOCIAL_CIRCLE"
"1"," "
"1"," "
"1","DEF_CNT_SOCIAL_CIRCLE"
"1","
 "
"1"," "
"1","39"
"1"," "
"1"," "
"1"," "
"1","5"
"1"," "
"1"," "
"1","AMT_ANNUITY"
"1"," "
"1"," "
"1","MEAN_EXT_SOURCE"
"1"," "
"1"," "
"1","OBS_CNT_SOCIAL_CIRCLE"
"1"," "
"1"," "
"1","DEF_CNT_SOCIAL_CIRCLE"
"1","
 "
"1"," "
"1","40"
"1"," "
"1"," "
"1"," "
"1","1"
"1"," "
"1"," "
"1","AMT_ANNUITY"
"1"," "
"1"," "
"1","MEAN_EXT_SOURCE"
"1"," "
"1"," "
"1","OBS_CNT_SOCIAL_CIRCLE"
"1"," "
"1"," "
"1","DEF_CNT_SOCIAL_CIRCLE"
"1","
 "
"1"," "
"1","40"
"1"," "
"1"," "
"1"," "
"1","2"
"1"," "
"1"," "
"1","AMT_ANNUITY"
"1"," "
"1"," "
"1","MEAN_EXT_SOURCE"
"1"," "
"1"," "
"1","OBS_CNT_SOCIAL_CIRCLE"
"1"," "
"1"," "
"1","DEF_CNT_SOCIAL_CIRCLE"
"1","
 "
"1"," "
"1","40"
"1"," "
"1"," "
"1"," "
"1","3"
"1"," "
"1"," "
"1","AMT_ANNUITY"
"1"," "
"1"," "
"1","MEAN_EXT_SOURCE"
"1"," "
"1"," "
"1","OBS_CNT_SOCIAL_CIRCLE"
"1"," "
"1"," "
"1","DEF_CNT_SOCIAL_CIRCLE"
"1","
 "
"1"," "
"1","40"
"1"," "
"1"," "
"1"," "
"1","4"
"1"," "
"1"," "
"1","AMT_ANNUITY"
"1"," "
"1"," "
"1","MEAN_EXT_SOURCE"
"1"," "
"1"," "
"1","OBS_CNT_SOCIAL_CIRCLE"
"1"," "
"1"," "
"1","DEF_CNT_SOCIAL_CIRCLE"
"1","
 "
"1"," "
"1","40"
"1"," "
"1"," "
"1"," "
"1","5"
"1"," "
"1"," "
"1","AMT_ANNUITY"
"1"," "
"1"," "
"1","MEAN_EXT_SOURCE"
"1"," "
"1"," "
"1","OBS_CNT_SOCIAL_CIRCLE"
"1"," "
"1"," "
"1","DEF_CNT_SOCIAL_CIRCLE"
"1","
 "
"1"," "
"1","41"
"1"," "
"1"," "
"1"," "
"1","1"
"1"," "
"1"," "
"1","AMT_ANNUITY"
"1"," "
"1"," "
"1","MEAN_EXT_SOURCE"
"1"," "
"1"," "
"1","OBS_CNT_SOCIAL_CIRCLE"
"1"," "
"1"," "
"1","DEF_CNT_SOCIAL_CIRCLE"
"1","
 "
"1"," "
"1","41"
"1"," "
"1"," "
"1"," "
"1","2"
"1"," "
"1"," "
"1","AMT_ANNUITY"
"1"," "
"1"," "
"1","MEAN_EXT_SOURCE"
"1"," "
"1"," "
"1","OBS_CNT_SOCIAL_CIRCLE"
"1"," "
"1"," "
"1","DEF_CNT_SOCIAL_CIRCLE"
"1","
 "
"1"," "
"1","41"
"1"," "
"1"," "
"1"," "
"1","3"
"1"," "
"1"," "
"1","AMT_ANNUITY"
"1"," "
"1"," "
"1","MEAN_EXT_SOURCE"
"1"," "
"1"," "
"1","OBS_CNT_SOCIAL_CIRCLE"
"1"," "
"1"," "
"1","DEF_CNT_SOCIAL_CIRCLE"
"1","
 "
"1"," "
"1","41"
"1"," "
"1"," "
"1"," "
"1","4"
"1"," "
"1"," "
"1","AMT_ANNUITY"
"1"," "
"1"," "
"1","MEAN_EXT_SOURCE"
"1"," "
"1"," "
"1","OBS_CNT_SOCIAL_CIRCLE"
"1"," "
"1"," "
"1","DEF_CNT_SOCIAL_CIRCLE"
"1","
 "
"1"," "
"1","41"
"1"," "
"1"," "
"1"," "
"1","5"
"1"," "
"1"," "
"1","AMT_ANNUITY"
"1"," "
"1"," "
"1","MEAN_EXT_SOURCE"
"1"," "
"1"," "
"1","OBS_CNT_SOCIAL_CIRCLE"
"1"," "
"1"," "
"1","DEF_CNT_SOCIAL_CIRCLE"
"1","
 "
"1"," "
"1","42"
"1"," "
"1"," "
"1"," "
"1","1"
"1"," "
"1"," "
"1","AMT_ANNUITY"
"1"," "
"1"," "
"1","MEAN_EXT_SOURCE"
"1"," "
"1"," "
"1","OBS_CNT_SOCIAL_CIRCLE"
"1"," "
"1"," "
"1","DEF_CNT_SOCIAL_CIRCLE"
"1","
 "
"1"," "
"1","42"
"1"," "
"1"," "
"1"," "
"1","2"
"1"," "
"1"," "
"1","AMT_ANNUITY"
"1"," "
"1"," "
"1","MEAN_EXT_SOURCE"
"1"," "
"1"," "
"1","OBS_CNT_SOCIAL_CIRCLE"
"1"," "
"1"," "
"1","DEF_CNT_SOCIAL_CIRCLE"
"1","
 "
"1"," "
"1","42"
"1"," "
"1"," "
"1"," "
"1","3"
"1"," "
"1"," "
"1","AMT_ANNUITY"
"1"," "
"1"," "
"1","MEAN_EXT_SOURCE"
"1"," "
"1"," "
"1","OBS_CNT_SOCIAL_CIRCLE"
"1"," "
"1"," "
"1","DEF_CNT_SOCIAL_CIRCLE"
"1","
 "
"1"," "
"1","42"
"1"," "
"1"," "
"1"," "
"1","4"
"1"," "
"1"," "
"1","AMT_ANNUITY"
"1"," "
"1"," "
"1","MEAN_EXT_SOURCE"
"1"," "
"1"," "
"1","OBS_CNT_SOCIAL_CIRCLE"
"1"," "
"1"," "
"1","DEF_CNT_SOCIAL_CIRCLE"
"1","
 "
"1"," "
"1","42"
"1"," "
"1"," "
"1"," "
"1","5"
"1"," "
"1"," "
"1","AMT_ANNUITY"
"1"," "
"1"," "
"1","MEAN_EXT_SOURCE"
"1"," "
"1"," "
"1","OBS_CNT_SOCIAL_CIRCLE"
"1"," "
"1"," "
"1","DEF_CNT_SOCIAL_CIRCLE"
"1","
 "
"1"," "
"1","43"
"1"," "
"1"," "
"1"," "
"1","1"
"1"," "
"1"," "
"1","AMT_ANNUITY"
"1"," "
"1"," "
"1","MEAN_EXT_SOURCE"
"1"," "
"1"," "
"1","OBS_CNT_SOCIAL_CIRCLE"
"1"," "
"1"," "
"1","DEF_CNT_SOCIAL_CIRCLE"
"1","
 "
"1"," "
"1","43"
"1"," "
"1"," "
"1"," "
"1","2"
"1"," "
"1"," "
"1","AMT_ANNUITY"
"1"," "
"1"," "
"1","MEAN_EXT_SOURCE"
"1"," "
"1"," "
"1","OBS_CNT_SOCIAL_CIRCLE"
"1"," "
"1"," "
"1","DEF_CNT_SOCIAL_CIRCLE"
"1","
 "
"1"," "
"1","43"
"1"," "
"1"," "
"1"," "
"1","3"
"1"," "
"1"," "
"1","AMT_ANNUITY"
"1"," "
"1"," "
"1","MEAN_EXT_SOURCE"
"1"," "
"1"," "
"1","OBS_CNT_SOCIAL_CIRCLE"
"1"," "
"1"," "
"1","DEF_CNT_SOCIAL_CIRCLE"
"1","
 "
"1"," "
"1","43"
"1"," "
"1"," "
"1"," "
"1","4"
"1"," "
"1"," "
"1","AMT_ANNUITY"
"1"," "
"1"," "
"1","MEAN_EXT_SOURCE"
"1"," "
"1"," "
"1","OBS_CNT_SOCIAL_CIRCLE"
"1"," "
"1"," "
"1","DEF_CNT_SOCIAL_CIRCLE"
"1","
 "
"1"," "
"1","43"
"1"," "
"1"," "
"1"," "
"1","5"
"1"," "
"1"," "
"1","AMT_ANNUITY"
"1"," "
"1"," "
"1","MEAN_EXT_SOURCE"
"1"," "
"1"," "
"1","OBS_CNT_SOCIAL_CIRCLE"
"1"," "
"1"," "
"1","DEF_CNT_SOCIAL_CIRCLE"
"1","
 "
"1"," "
"1","44"
"1"," "
"1"," "
"1"," "
"1","1"
"1"," "
"1"," "
"1","AMT_ANNUITY"
"1"," "
"1"," "
"1","MEAN_EXT_SOURCE"
"1"," "
"1"," "
"1","OBS_CNT_SOCIAL_CIRCLE"
"1"," "
"1"," "
"1","DEF_CNT_SOCIAL_CIRCLE"
"1","
 "
"1"," "
"1","44"
"1"," "
"1"," "
"1"," "
"1","2"
"1"," "
"1"," "
"1","AMT_ANNUITY"
"1"," "
"1"," "
"1","MEAN_EXT_SOURCE"
"1"," "
"1"," "
"1","OBS_CNT_SOCIAL_CIRCLE"
"1"," "
"1"," "
"1","DEF_CNT_SOCIAL_CIRCLE"
"1","
 "
"1"," "
"1","44"
"1"," "
"1"," "
"1"," "
"1","3"
"1"," "
"1"," "
"1","AMT_ANNUITY"
"1"," "
"1"," "
"1","MEAN_EXT_SOURCE"
"1"," "
"1"," "
"1","OBS_CNT_SOCIAL_CIRCLE"
"1"," "
"1"," "
"1","DEF_CNT_SOCIAL_CIRCLE"
"1","
 "
"1"," "
"1","44"
"1"," "
"1"," "
"1"," "
"1","4"
"1"," "
"1"," "
"1","AMT_ANNUITY"
"1"," "
"1"," "
"1","MEAN_EXT_SOURCE"
"1"," "
"1"," "
"1","OBS_CNT_SOCIAL_CIRCLE"
"1"," "
"1"," "
"1","DEF_CNT_SOCIAL_CIRCLE"
"1","
 "
"1"," "
"1","44"
"1"," "
"1"," "
"1"," "
"1","5"
"1"," "
"1"," "
"1","AMT_ANNUITY"
"1"," "
"1"," "
"1","MEAN_EXT_SOURCE"
"1"," "
"1"," "
"1","OBS_CNT_SOCIAL_CIRCLE"
"1"," "
"1"," "
"1","DEF_CNT_SOCIAL_CIRCLE"
"1","
 "
"1"," "
"1","45"
"1"," "
"1"," "
"1"," "
"1","1"
"1"," "
"1"," "
"1","AMT_ANNUITY"
"1"," "
"1"," "
"1","MEAN_EXT_SOURCE"
"1"," "
"1"," "
"1","OBS_CNT_SOCIAL_CIRCLE"
"1"," "
"1"," "
"1","DEF_CNT_SOCIAL_CIRCLE"
"1","
 "
"1"," "
"1","45"
"1"," "
"1"," "
"1"," "
"1","2"
"1"," "
"1"," "
"1","AMT_ANNUITY"
"1"," "
"1"," "
"1","MEAN_EXT_SOURCE"
"1"," "
"1"," "
"1","OBS_CNT_SOCIAL_CIRCLE"
"1"," "
"1"," "
"1","DEF_CNT_SOCIAL_CIRCLE"
"1","
 "
"1"," "
"1","45"
"1"," "
"1"," "
"1"," "
"1","3"
"1"," "
"1"," "
"1","AMT_ANNUITY"
"1"," "
"1"," "
"1","MEAN_EXT_SOURCE"
"1"," "
"1"," "
"1","OBS_CNT_SOCIAL_CIRCLE"
"1"," "
"1"," "
"1","DEF_CNT_SOCIAL_CIRCLE"
"1","
 "
"1"," "
"1","45"
"1"," "
"1"," "
"1"," "
"1","4"
"1"," "
"1"," "
"1","AMT_ANNUITY"
"1"," "
"1"," "
"1","MEAN_EXT_SOURCE"
"1"," "
"1"," "
"1","OBS_CNT_SOCIAL_CIRCLE"
"1"," "
"1"," "
"1","DEF_CNT_SOCIAL_CIRCLE"
"1","
 "
"1"," "
"1","45"
"1"," "
"1"," "
"1"," "
"1","5"
"1"," "
"1"," "
"1","AMT_ANNUITY"
"1"," "
"1"," "
"1","MEAN_EXT_SOURCE"
"1"," "
"1"," "
"1","OBS_CNT_SOCIAL_CIRCLE"
"1"," "
"1"," "
"1","DEF_CNT_SOCIAL_CIRCLE"
"1","
 "
"1"," "
"1","46"
"1"," "
"1"," "
"1"," "
"1","1"
"1"," "
"1"," "
"1","AMT_ANNUITY"
"1"," "
"1"," "
"1","MEAN_EXT_SOURCE"
"1"," "
"1"," "
"1","OBS_CNT_SOCIAL_CIRCLE"
"1"," "
"1"," "
"1","DEF_CNT_SOCIAL_CIRCLE"
"1","
 "
"1"," "
"1","46"
"1"," "
"1"," "
"1"," "
"1","2"
"1"," "
"1"," "
"1","AMT_ANNUITY"
"1"," "
"1"," "
"1","MEAN_EXT_SOURCE"
"1"," "
"1"," "
"1","OBS_CNT_SOCIAL_CIRCLE"
"1"," "
"1"," "
"1","DEF_CNT_SOCIAL_CIRCLE"
"1","
 "
"1"," "
"1","46"
"1"," "
"1"," "
"1"," "
"1","3"
"1"," "
"1"," "
"1","AMT_ANNUITY"
"1"," "
"1"," "
"1","MEAN_EXT_SOURCE"
"1"," "
"1"," "
"1","OBS_CNT_SOCIAL_CIRCLE"
"1"," "
"1"," "
"1","DEF_CNT_SOCIAL_CIRCLE"
"1","
 "
"1"," "
"1","46"
"1"," "
"1"," "
"1"," "
"1","4"
"1"," "
"1"," "
"1","AMT_ANNUITY"
"1"," "
"1"," "
"1","MEAN_EXT_SOURCE"
"1"," "
"1"," "
"1","OBS_CNT_SOCIAL_CIRCLE"
"1"," "
"1"," "
"1","DEF_CNT_SOCIAL_CIRCLE"
"1","
 "
"1"," "
"1","46"
"1"," "
"1"," "
"1"," "
"1","5"
"1"," "
"1"," "
"1","AMT_ANNUITY"
"1"," "
"1"," "
"1","MEAN_EXT_SOURCE"
"1"," "
"1"," "
"1","OBS_CNT_SOCIAL_CIRCLE"
"1"," "
"1"," "
"1","DEF_CNT_SOCIAL_CIRCLE"
"1","
 "
"1"," "
"1","47"
"1"," "
"1"," "
"1"," "
"1","1"
"1"," "
"1"," "
"1","AMT_ANNUITY"
"1"," "
"1"," "
"1","MEAN_EXT_SOURCE"
"1"," "
"1"," "
"1","OBS_CNT_SOCIAL_CIRCLE"
"1"," "
"1"," "
"1","DEF_CNT_SOCIAL_CIRCLE"
"1","
 "
"1"," "
"1","47"
"1"," "
"1"," "
"1"," "
"1","2"
"1"," "
"1"," "
"1","AMT_ANNUITY"
"1"," "
"1"," "
"1","MEAN_EXT_SOURCE"
"1"," "
"1"," "
"1","OBS_CNT_SOCIAL_CIRCLE"
"1"," "
"1"," "
"1","DEF_CNT_SOCIAL_CIRCLE"
"1","
 "
"1"," "
"1","47"
"1"," "
"1"," "
"1"," "
"1","3"
"1"," "
"1"," "
"1","AMT_ANNUITY"
"1"," "
"1"," "
"1","MEAN_EXT_SOURCE"
"1"," "
"1"," "
"1","OBS_CNT_SOCIAL_CIRCLE"
"1"," "
"1"," "
"1","DEF_CNT_SOCIAL_CIRCLE"
"1","
 "
"1"," "
"1","47"
"1"," "
"1"," "
"1"," "
"1","4"
"1"," "
"1"," "
"1","AMT_ANNUITY"
"1"," "
"1"," "
"1","MEAN_EXT_SOURCE"
"1"," "
"1"," "
"1","OBS_CNT_SOCIAL_CIRCLE"
"1"," "
"1"," "
"1","DEF_CNT_SOCIAL_CIRCLE"
"1","
 "
"1"," "
"1","47"
"1"," "
"1"," "
"1"," "
"1","5"
"1"," "
"1"," "
"1","AMT_ANNUITY"
"1"," "
"1"," "
"1","MEAN_EXT_SOURCE"
"1"," "
"1"," "
"1","OBS_CNT_SOCIAL_CIRCLE"
"1"," "
"1"," "
"1","DEF_CNT_SOCIAL_CIRCLE"
"1","
 "
"1"," "
"1","48"
"1"," "
"1"," "
"1"," "
"1","1"
"1"," "
"1"," "
"1","AMT_ANNUITY"
"1"," "
"1"," "
"1","MEAN_EXT_SOURCE"
"1"," "
"1"," "
"1","OBS_CNT_SOCIAL_CIRCLE"
"1"," "
"1"," "
"1","DEF_CNT_SOCIAL_CIRCLE"
"1","
 "
"1"," "
"1","48"
"1"," "
"1"," "
"1"," "
"1","2"
"1"," "
"1"," "
"1","AMT_ANNUITY"
"1"," "
"1"," "
"1","MEAN_EXT_SOURCE"
"1"," "
"1"," "
"1","OBS_CNT_SOCIAL_CIRCLE"
"1"," "
"1"," "
"1","DEF_CNT_SOCIAL_CIRCLE"
"1","
 "
"1"," "
"1","48"
"1"," "
"1"," "
"1"," "
"1","3"
"1"," "
"1"," "
"1","AMT_ANNUITY"
"1"," "
"1"," "
"1","MEAN_EXT_SOURCE"
"1"," "
"1"," "
"1","OBS_CNT_SOCIAL_CIRCLE"
"1"," "
"1"," "
"1","DEF_CNT_SOCIAL_CIRCLE"
"1","
 "
"1"," "
"1","48"
"1"," "
"1"," "
"1"," "
"1","4"
"1"," "
"1"," "
"1","AMT_ANNUITY"
"1"," "
"1"," "
"1","MEAN_EXT_SOURCE"
"1"," "
"1"," "
"1","OBS_CNT_SOCIAL_CIRCLE"
"1"," "
"1"," "
"1","DEF_CNT_SOCIAL_CIRCLE"
"1","
 "
"1"," "
"1","48"
"1"," "
"1"," "
"1"," "
"1","5"
"1"," "
"1"," "
"1","AMT_ANNUITY"
"1"," "
"1"," "
"1","MEAN_EXT_SOURCE"
"1"," "
"1"," "
"1","OBS_CNT_SOCIAL_CIRCLE"
"1"," "
"1"," "
"1","DEF_CNT_SOCIAL_CIRCLE"
"1","
 "
"1"," "
"1","49"
"1"," "
"1"," "
"1"," "
"1","1"
"1"," "
"1"," "
"1","AMT_ANNUITY"
"1"," "
"1"," "
"1","MEAN_EXT_SOURCE"
"1"," "
"1"," "
"1","OBS_CNT_SOCIAL_CIRCLE"
"1"," "
"1"," "
"1","DEF_CNT_SOCIAL_CIRCLE"
"1","
 "
"1"," "
"1","49"
"1"," "
"1"," "
"1"," "
"1","2"
"1"," "
"1"," "
"1","AMT_ANNUITY"
"1"," "
"1"," "
"1","MEAN_EXT_SOURCE"
"1"," "
"1"," "
"1","OBS_CNT_SOCIAL_CIRCLE"
"1"," "
"1"," "
"1","DEF_CNT_SOCIAL_CIRCLE"
"1","
 "
"1"," "
"1","49"
"1"," "
"1"," "
"1"," "
"1","3"
"1"," "
"1"," "
"1","AMT_ANNUITY"
"1"," "
"1"," "
"1","MEAN_EXT_SOURCE"
"1"," "
"1"," "
"1","OBS_CNT_SOCIAL_CIRCLE"
"1"," "
"1"," "
"1","DEF_CNT_SOCIAL_CIRCLE"
"1","
 "
"1"," "
"1","49"
"1"," "
"1"," "
"1"," "
"1","4"
"1"," "
"1"," "
"1","AMT_ANNUITY"
"1"," "
"1"," "
"1","MEAN_EXT_SOURCE"
"1"," "
"1"," "
"1","OBS_CNT_SOCIAL_CIRCLE"
"1"," "
"1"," "
"1","DEF_CNT_SOCIAL_CIRCLE"
"1","
 "
"1"," "
"1","49"
"1"," "
"1"," "
"1"," "
"1","5"
"1"," "
"1"," "
"1","AMT_ANNUITY"
"1"," "
"1"," "
"1","MEAN_EXT_SOURCE"
"1"," "
"1"," "
"1","OBS_CNT_SOCIAL_CIRCLE"
"1"," "
"1"," "
"1","DEF_CNT_SOCIAL_CIRCLE"
"1","
 "
"1"," "
"1","50"
"1"," "
"1"," "
"1"," "
"1","1"
"1"," "
"1"," "
"1","AMT_ANNUITY"
"1"," "
"1"," "
"1","MEAN_EXT_SOURCE"
"1"," "
"1"," "
"1","OBS_CNT_SOCIAL_CIRCLE"
"1"," "
"1"," "
"1","DEF_CNT_SOCIAL_CIRCLE"
"1","
 "
"1"," "
"1","50"
"1"," "
"1"," "
"1"," "
"1","2"
"1"," "
"1"," "
"1","AMT_ANNUITY"
"1"," "
"1"," "
"1","MEAN_EXT_SOURCE"
"1"," "
"1"," "
"1","OBS_CNT_SOCIAL_CIRCLE"
"1"," "
"1"," "
"1","DEF_CNT_SOCIAL_CIRCLE"
"1","
 "
"1"," "
"1","50"
"1"," "
"1"," "
"1"," "
"1","3"
"1"," "
"1"," "
"1","AMT_ANNUITY"
"1"," "
"1"," "
"1","MEAN_EXT_SOURCE"
"1"," "
"1"," "
"1","OBS_CNT_SOCIAL_CIRCLE"
"1"," "
"1"," "
"1","DEF_CNT_SOCIAL_CIRCLE"
"1","
 "
"1"," "
"1","50"
"1"," "
"1"," "
"1"," "
"1","4"
"1"," "
"1"," "
"1","AMT_ANNUITY"
"1"," "
"1"," "
"1","MEAN_EXT_SOURCE"
"1"," "
"1"," "
"1","OBS_CNT_SOCIAL_CIRCLE"
"1"," "
"1"," "
"1","DEF_CNT_SOCIAL_CIRCLE"
"1","
 "
"1"," "
"1","50"
"1"," "
"1"," "
"1"," "
"1","5"
"1"," "
"1"," "
"1","AMT_ANNUITY"
"1"," "
"1"," "
"1","MEAN_EXT_SOURCE"
"1"," "
"1"," "
"1","OBS_CNT_SOCIAL_CIRCLE"
"1"," "
"1"," "
"1","DEF_CNT_SOCIAL_CIRCLE"
"1","
"
"2","Warning:"
"2"," Number of logged events: 2
"
"0","# Check imputation results"
"0","summary(imputed_data)"
"1","Class: mids
"
"1","Number of multiple imputations: "
"1"," "
"1","5"
"1"," "
"1","
"
"1","Imputation methods:
"
"1","          AMT_ANNUITY "
"1","      MEAN_EXT_SOURCE "
"1","OBS_CNT_SOCIAL_CIRCLE "
"1","
"
"1","                ""pmm"" "
"1","                ""pmm"" "
"1","                ""pmm"" "
"1","
"
"1","DEF_CNT_SOCIAL_CIRCLE "
"1","                  AGE "
"1","       YEARS_EMPLOYED "
"1","
"
"1","                ""pmm"" "
"1","                   """" "
"1","                   """" "
"1","
"
"1","     NAME_INCOME_TYPE "
"1","      OCCUPATION_TYPE "
"1","     AMT_INCOME_TOTAL "
"1","
"
"1","                   """" "
"1","                   """" "
"1","                   """" "
"1","
"
"1","PredictorMatrix:
"
"1","                     "
"1"," AMT_ANNUITY"
"1"," MEAN_EXT_SOURCE"
"1"," OBS_CNT_SOCIAL_CIRCLE"
"1","
AMT_ANNUITY          "
"1","           0"
"1","               1"
"1","                     1"
"1","
MEAN_EXT_SOURCE      "
"1","           1"
"1","               0"
"1","                     1"
"1","
OBS_CNT_SOCIAL_CIRCLE"
"1","           1"
"1","               1"
"1","                     0"
"1","
DEF_CNT_SOCIAL_CIRCLE"
"1","           1"
"1","               1"
"1","                     1"
"1","
AGE                  "
"1","           1"
"1","               1"
"1","                     1"
"1","
YEARS_EMPLOYED       "
"1","           1"
"1","               1"
"1","                     1"
"1","
"
"1","                     "
"1"," DEF_CNT_SOCIAL_CIRCLE"
"1"," AGE"
"1"," YEARS_EMPLOYED"
"1"," NAME_INCOME_TYPE"
"1","
AMT_ANNUITY          "
"1","                     1"
"1","   1"
"1","              1"
"1","                0"
"1","
MEAN_EXT_SOURCE      "
"1","                     1"
"1","   1"
"1","              1"
"1","                0"
"1","
OBS_CNT_SOCIAL_CIRCLE"
"1","                     1"
"1","   1"
"1","              1"
"1","                0"
"1","
DEF_CNT_SOCIAL_CIRCLE"
"1","                     0"
"1","   1"
"1","              1"
"1","                0"
"1","
AGE                  "
"1","                     1"
"1","   0"
"1","              1"
"1","                0"
"1","
YEARS_EMPLOYED       "
"1","                     1"
"1","   1"
"1","              0"
"1","                0"
"1","
"
"1","                     "
"1"," OCCUPATION_TYPE"
"1"," AMT_INCOME_TOTAL"
"1","
AMT_ANNUITY          "
"1","               0"
"1","                1"
"1","
MEAN_EXT_SOURCE      "
"1","               0"
"1","                1"
"1","
OBS_CNT_SOCIAL_CIRCLE"
"1","               0"
"1","                1"
"1","
DEF_CNT_SOCIAL_CIRCLE"
"1","               0"
"1","                1"
"1","
AGE                  "
"1","               0"
"1","                1"
"1","
YEARS_EMPLOYED       "
"1","               0"
"1","                1"
"1","
"
"1","Number of logged events: "
"1"," "
"1","2"
"1"," "
"1","
"
